employee_id,name,age,salary,department,email,join_date,city,performance_score
137,Jacob Jackson,41,43251.2,sales,hlewis@harris.com,2021-03-12,Utrecht,2.59
629,ALEXANDRA HENRY,64,55835.87,HR,laurawilson@hotmail.com,2017-02-18,Rotterdam,1.37
185,Aaron Hinton,39,51648.06,Sales,pachecorichard@yahoo.com,2022-03-30,amsterdam ,1.47
32,christopher parker,34,82784.17,IT,jimmyyoung[at]burton.com,2024-01-21,Utrecht,3.91
678,Lori Manning,55,81284.06,HR,adkinsgeorge@moore-hicks.biz,2017-09-09,Rotterdam,2.58
937,Andrea Davis,35,39681.51,HR,john01@mcfarland-patel.com,2017-12-25,Utrecht,4.96
290,Terry Fernandez,60,45659.51,sales,russellrichardson@yang.com,2023-08-26,The Hague,2.13
328,Cassandra Benton,61,66874.94,sales,dnelson@hotmail.com,2024-04-30,eindhoven,1.95
492,Amy Smith,25,77199.16,IT,vpierce@ramirez-alvarez.com,2020-02-03,Amsterdam,3.56
395,Stacey Reese,57,72691.6,Marketing ,brady37@briggs.biz,2025-10-30,The Hague,4.24
667,JOSHUA PARRISH,55,51175.34,Marketing ,elizabethromero@hall-miller.net,2021-05-15,The Hague,4.1
546,Samuel Macias,25,43046.57,Sales,xmeyer@rice-morales.com,2021-12-12,Amsterdam,2.92
EMP-870,Brandon Chan,33,85153.07,Sales,timothyramirez@blackwell.net,2017-12-18,Utrecht,4.34
762,Carolyn Miller,23,56830.15,Sales,flemingjames@hotmail.com,2022-06-21,eindhoven,-1
,Karen Kline,42,74003.67,HR,sandramurphy@yahoo.com,2024-08-01,Utrecht,2.12
77,Rachel Moore,61,56305.71,HR,kochamy@yahoo.com,2023-11-05,Amsterdam,4.04
774,Michelle Garcia,50,69588.32,IT,heather61@hotmail.com,2026-04-16,amsterdam ,1.99
851,OSCAR MAYO,47,45652.89,IT,jason02@evans.com,2019-08-21,eindhoven,2.13
332,Thomas Shannon,63,41541.18,Sales,sfernandez@ortega.com,2018-06-27,Amsterdam,4.09
630,Nathaniel Franklin,-5,71412.87,sales,jamescoleman@brown.com,2021-03-08,The Hague,1.44
969,Dr. Julie Cook,28,54397.63,Sales,williamsrobert@gmail.com,2025-05-15,Amsterdam,1.55
EMP-812,Debra Bowers,38,48404.03,Marketing ,davidhouston@bennett-shaw.org,2024-03-26,amsterdam ,1.39
378,Amy Delgado,54,57750.13,Finance,ecarpenter@yahoo.com,2023-02-22,The Hague,2.12
723,Jared Hunter,58,34777.22,Sales,amy76@yahoo.com,2019-12-11,Utrecht,1.34
623,Jeremy Williams,44,83230.37,Sales,kenneth33@lara.com,2021-09-22,Utrecht,2.15
430,Vanessa Huang,21,28618.91,Finance,djennings@holmes.org,2022-12-30,Amsterdam,4.78
917,William Joseph,18,64118.45,Marketing ,davisheidi@zimmerman.com,2016-12-04,Rotterdam,4.09
87,Angela Hernandez,24,68731.03,Finance,xbishop[at]hotmail.com,2025-03-02,The Hague,2.31
319,Kenneth Leon,51,59862.5,Sales,rjames[at]phillips-hudson.org,2023-01-16,Rotterdam,4.29
591,Natalie Williams,43,56073.49,Marketing ,michael17@yahoo.com,2019-10-10,The Hague,2.02
175,Jennifer Taylor,,59150.36,Sales,dannyjohnson@martin.com,,Amsterdam,2.15
209,Kelly White,62,62725.72,Sales,savannahmartin@gmail.com,2021-09-07,The Hague,3.38
520,Brittany Fox,20,66270.81,sales,christopher35@gmail.com,2020-02-14,The Hague,3.3
971,Teresa Morgan,58,56921.57,Marketing ,xscott@le-anderson.biz,2017-01-11,eindhoven,2.96
954,joseph richardson,52,76656.47,HR,denisecardenas@yahoo.com,2019-03-05,eindhoven,1.78
114,Lindsey Ayala,21,91948.63,sales,moorelauren@griffin.com,2022-03-02,amsterdam ,1.34
440,Norma Lane,150,54166.78,IT,samanthamarquez@gmail.com,2018-02-20,Rotterdam,2.69
555,Jason Anderson,150,60064.04,Finance,tsalas@monroe-roberts.com,2016-07-14,Amsterdam,1.48
540,Michael Carter,36,46346.62,Finance,ptaylor@gomez.com,2017-01-05,Amsterdam,1.48
60,Carolyn Watkins,44,69633.18,sales,rebeccaburnett@hotmail.com,2021-11-03,eindhoven,2.8
549,Nicholas Carroll,34,60567.19,IT,leeturner@gmail.com,2017-12-16,Amsterdam,4.68
695,Brian Watson,41,63896.52,Sales,davidsmith@butler.net,2022-10-21,eindhoven,2.8
690,Susan Richard,25,61663.95,Finance,schultzlinda@yahoo.com,2022-07-28,Rotterdam,4.48
200,Tyler Wolfe,23,37855.45,Finance,robertsonmatthew@curtis-taylor.com,2023-05-03,amsterdam ,2.56
779,Danielle Lawson,unknown,53883.5,Marketing ,nathan92@hotmail.com,2019-07-11,The Hague,3.12
735,James Brown,38,70437.33,marketing,rodriguezscott@gmail.com,2020-12-23,The Hague,3.14
443,Alison Rowland,41,23988.37,Marketing ,bryanrose@yahoo.com,2026-01-19,The Hague,3.45
517,BARBARA GUTIERREZ PHD,48,62513.76,Marketing ,joel40@yahoo.com,2016-06-03,Rotterdam,1.33
948,Melissa Parsons,38,44621.38,IT,charles52@cannon.com,2024-05-05,eindhoven,2.59
281,Michael Garza,44,56702.76,Marketing ,lmckay@hotmail.com,2018-02-19,Amsterdam,1.69
322,Dwayne Mitchell,29,63927.36,HR,vrich@hotmail.com,2025-05-21,eindhoven,3.63
50,Susan Dixon,25,28554.4,marketing,karigreen@anderson-moran.org,2025-08-20,eindhoven,3.65
888,Devin Wright,57,49610.62,sales,reedkiara@yahoo.com,2019-10-06,Rotterdam,3.54
110,James Clark,24,53883.31,HR,brandon08@neal.com,2023-10-21,amsterdam ,1.3
981,Brian Pierce,30,66787.0,Marketing ,wilsonbrenda@gmail.com,32-13-2020,Rotterdam,2.12
,Michelle Knight,47,43693.96,Finance,jennifer47@norris-guzman.com,2022-09-11,amsterdam ,4.08
891,trevor coleman,26,67307.23,Marketing ,denisebuchanan@stephenson.com,2016-11-01,Utrecht,3.0
962,Timothy Bailey,53,74937.29,Sales,ryanjay@miranda.net,2022-12-10,Utrecht,3.88
11,Sharon Berry,50,48048.73,marketing,valentinejeremy@yahoo.com,2018-09-13,Utrecht,4.37
502,BRUCE HERNANDEZ,59,fifty thousand,Sales,anthonysnyder@hampton.biz,2025-04-23,Amsterdam,1.69
524,Douglas Sullivan,61,63558.98,IT,alyssa80@dean-williams.net,2026-03-14,amsterdam ,4.78
662,Whitney Obrien,51,46797.12,Sales,fkane@ferguson.biz,2021-01-02,Amsterdam,3.5
71,Jacob Mcdaniel,35,60420.93,Finance,rortega@gregory.biz,2023-06-27,The Hague,1.58
885,Robert Mays,25,65228.37,Marketing ,burkeabigail@yahoo.com,2024-11-19,amsterdam ,1.82
627,Heather Thomas,64,40155.93,IT,bryan43[at]yahoo.com,2022-05-25,The Hague,3.44
262,Thomas Yang,62,54107.12,marketing,david14[at]gmail.com,2023-04-12,The Hague,3.25
362,Joseph Hamilton,150,77991.08,sales,stephaniewalls@garcia.com,2020-03-15,Utrecht,3.36
399,Janice Norris,33,53281.9,Finance,weissjamie@gmail.com,2018-12-05,Rotterdam,2.84
343,STEPHANIE WASHINGTON,52,58674.5,Sales,lkemp@hammond-walker.net,2022-12-20,amsterdam ,2.38
437,Christopher Wilson,32,79429.23,HR,pquinn@gibson.com,,The Hague,2.96
531,Mark Yates,19,64578.89,Finance,davidwilliams@blevins.net,2022-12-21,Utrecht,1.62
333,Kimberly Bishop,22,56137.07,IT,egonzalez@gmail.com,2023-01-02,The Hague,1.27
140,Ronald Payne,37,36537.04,Marketing ,james36@sullivan.com,2026-04-10,Rotterdam,4.17
882,John Cisneros,40,47036.97,Finance,olewis@thomas-green.org,2024-06-11,The Hague,1.11
760,Zachary Richard,41,65504.65,HR,robertlowe@king.com,2024-10-14,eindhoven,1.73
313,TAMMY LAM,51,67381.25,marketing,xwest@moore-walls.biz,2017-04-06,amsterdam ,4.49
925,Dana Moon,55,72925.7,HR,averyamanda@yahoo.com,2019-07-20,amsterdam ,3.91
EMP-142,Michael Johnson,44,74607.14,Sales,rowlandjose@little.com,2017-10-24,Amsterdam,2.8
876,Nicholas Neal,18,81918.37,Marketing ,lewismonica@lopez.info,2025-09-12,The Hague,4.87
756,Ashley Shelton,44,94485.73,Marketing ,james21@hotmail.com,2018-09-03,Utrecht,1.59
718,Amy Webb,55,57254.53,sales,medinarachel@christensen.com,2018-03-04,Amsterdam,3.58
949,Lisa Cline,37,54316.21,HR,atkinsjason@wong.com,2019-04-21,Rotterdam,4.12
89,Donald Ellis,52,47053.6,Marketing ,basskenneth@yahoo.com,2026-04-11,amsterdam ,1.4
843,Lisa Davis,44,38159.17,IT,ekim@lopez.org,2020-10-28,Rotterdam,10
306,Michael Joseph,44,56759.91,Sales,erikastanley@davis.com,2021-10-11,amsterdam ,4.73
,Matthew Anderson,62,48690.32,IT,jamie70@gmail.com,2021-03-09,Rotterdam,3.27
311,Dustin Adams,28,51734.78,marketing,sierravalencia@gmail.com,2021-10-08,eindhoven,1.73
860,Jeffery Santos,unknown,64493.98,Marketing ,michaelafuller@hotmail.com,2021-07-01,Amsterdam,4.89
452,Paula Garcia,29,69327.13,HR,doughertyjennifer@gmail.com,2026-04-23,Amsterdam,1.47
97,Chase Johnson,59,59441.8,marketing,umorris@hotmail.com,2021-05-28,eindhoven,4.55
815,Don Hunter,39,70477.67,marketing,martinezamanda@fischer-harrington.com,2016-10-11,amsterdam ,4.1
793,Samuel Clark,,59073.68,Marketing ,thomashammond@martin-chan.org,2017-06-02,Amsterdam,4.83
31,GREGORY MULLINS,39,45974.4,Sales,jonathan44@gmail.com,2024-07-22,amsterdam ,3.04
159,John Brown,29,37130.45,marketing,katherine29@harper-snyder.com,2024-01-08,amsterdam ,3.72
689,LAUREN HOFFMAN,42,65664.4,HR,nicholasmccall@walsh-bruce.net,2019-02-23,eindhoven,1.23
55,Julie Garcia,150,70464.99,IT,michael43@berry.org,2025-07-28,The Hague,3.12
24,Thomas Parker,36,33628.78,sales,payneleonard@gmail.com,2022-06-02,amsterdam ,3.12
612,William Miller,25,54166.23,HR,henryyoung@hotmail.com,2023-10-22,eindhoven,2.89
740,Kristin Harris,43,70215.55,Finance,urivera@hotmail.com,2024-09-23,eindhoven,1.29
645,Ronald Kim,63,51313.85,Finance,gonzalezhenry@yahoo.com,2022-10-25,Utrecht,2.03
634,Jonathan Rodriguez,51,48596.78,marketing,vwebb@gmail.com,2025-05-10,Utrecht,3.34
602,David Johnson,23,9999999,HR,samanthagonzales@hicks-weber.com,2020-12-12,amsterdam ,4.01
179,Monica Holt,19,51030.15,Sales,lalexander@mclaughlin.info,02/08/2024,Rotterdam,3.96
4,Destiny Reeves,58,77845.45,sales,gregory77@yahoo.com,2016-08-22,Amsterdam,1.18
278,Robert Peters,28,45996.75,sales,benjamin58@hotmail.com,04/09/2019,amsterdam ,2.74
594,Edward Vazquez,20,60004.93,Finance,millerrobin@armstrong.com,2024-06-21,amsterdam ,2.44
293,KEVIN SCHNEIDER,54,46159.53,IT,justinbrewer@mitchell.com,2017-09-19,The Hague,3.55
299,Adam Lewis,45,67192.93,Finance,stewartdave@alvarez.com,2026-02-01,amsterdam ,-1
817,Kathleen Miller,36,59005.75,IT,whitepatrick@roberts.com,2019-02-22,Amsterdam,1.72
874,Daniel Johnson,58,44036.05,Finance,ricardo10@gmail.com,2020-08-21,Rotterdam,2.06
,Jody Harris,62,58246.88,sales,mlogan@gonzalez.com,2020-05-14,Amsterdam,1.92
EMP-211,Michael Sims,62,63563.36,Finance,riosroberto@nichols.biz,2020-01-26,amsterdam ,3.35
459,Brittany Mcintosh,41,46695.26,sales,darrell74@brown.com,2019-05-03,The Hague,1.1
924,Jason Cox,36,44498.19,HR,jacobjohnson@allen.com,2024-06-19,Rotterdam,N/A
933,Patrick Garcia,64,33279.79,Marketing ,huntercrane@flores.com,2026-02-07,eindhoven,3.52
479,Lori Hernandez,54,101183.21,IT,ramirezjames@hotmail.com,2025-02-06,amsterdam ,1.32
406,Alan Durham,-5,64342.75,HR,kimberly08@williams.com,2017-08-18,Utrecht,4.1
64,Brittney Ayala,54,37056.9,Finance,angelacox@gmail.com,2016-12-23,amsterdam ,2.61
320,Heidi Hood,43,53047.85,sales,hollowayshannon@yahoo.com,2022-09-08,Amsterdam,4.03
469,Shari Burke,44,47042.48,HR,cynthia20@yahoo.com,2023-08-19,eindhoven,1.26
,Dale Reyes,23,60760.98,Sales,vholloway@yahoo.com,2019-02-21,amsterdam ,3.19
101,Jared Rivera,32,33769.44,sales,atucker@gmail.com,2017-08-11,The Hague,3.45
337,Rebecca Phillips,28,42617.54,sales,oflores@yahoo.com,03/02/2019,Rotterdam,3.68
451,Ms. Alexis Fields,45,54059.81,IT,paynekimberly@yahoo.com,2022-08-23,The Hague,2.42
409,David Patel,41,56804.43,Marketing ,shelleybrown@wilkinson-park.biz,2023-10-13,Rotterdam,3.62
108,EMILY SIMPSON,57,57618.67,Marketing ,alexshaffer@sims-martin.com,2021-05-04,Amsterdam,1.97
169,Ashley Santana,18,51319.18,HR,lucerojennifer@johnson-clark.com,2023-06-02,Utrecht,2.21
40,Justin Brewer,46,57952.92,Marketing ,ngriffin@richardson.com,2022-05-13,The Hague,2.78
199,Monica George,150,55873.13,IT,john28@hotmail.com,2023-08-20,Rotterdam,3.72
238,Mary Miller,22,9999999,Sales,jli@wu.com,02/05/2018,eindhoven,3.03
576,Christopher Butler Jr.,33,21832.97,Marketing ,gelliott@yahoo.com,2019-08-29,amsterdam ,4.32
193,Amy Cunningham,57,58211.41,sales,richardking@jones.net,2017-05-31,Amsterdam,2.49
705,Rhonda Martinez,39,31650.56,sales,nmiller@hotmail.com,2023-02-25,amsterdam ,2.93
724,Timothy Ritter,24,-2000,sales,alexismoore@clay.com,2023-11-05,Amsterdam,1.39
67,Robin Anderson,39,53919.85,Sales,wgreen@benson.com,2026-02-24,amsterdam ,2.98
68,lucas church,34,70052.99,sales,erika42@duffy.com,2017-04-01,Amsterdam,3.63
921,MARIA HOWARD,20,71104.48,marketing,parkerelizabeth@gmail.com,2019-02-28,Amsterdam,3.21
498,Linda Lopez,39,52144.92,Finance,patelcharles@hotmail.com,2019-01-01,Rotterdam,-1
214,Whitney Thompson,29,64770.87,IT,michael77@young.com,2016-11-14,Rotterdam,4.19
831,Michelle Wilson,39,34833.24,HR,frederickkennedy@yahoo.com,2020-12-11,The Hague,3.38
835,Tanya Lynch,60,54479.73,sales,nicoleodom@moore-olson.com,2024-04-11,amsterdam ,1.97
650,Connie Roberts,52,65443.1,IT,saradixon@yahoo.com,2021-09-11,Rotterdam,3.9
351,Angela Young,57,59663.61,sales,butlerseth@yahoo.com,2025-10-30,Rotterdam,3.27
862,Aaron Rodriguez,32,32263.84,Finance,brianparsons@graves-baker.info,2017-12-27,The Hague,1.81
603,Johnny Brown,37,68044.09,marketing,eschultz@yahoo.com,2021-04-08,Utrecht,3.05
,BRITTANY HANSON,56,60916.78,HR,boonedaniel@hotmail.com,2020-10-31,Amsterdam,3.64
878,NICOLE HENDERSON,40,58356.82,sales,ramirezrobert@gmail.com,2026-05-06,The Hague,1.62
788,Oscar Hill,18,61887.7,HR,tmiller@garrett.com,2021-12-26,Utrecht,4.89
245,victoria deleon,63,36995.55,Finance,denise28@duke-murray.net,2023-08-04,amsterdam ,2.28
746,SANDRA MITCHELL,25,44113.84,Marketing ,gregorywhite@hammond.com,2022-08-31,The Hague,3.29
309,anita hess,60,63206.46,IT,lopezmark@gmail.com,2023-09-13,The Hague,2.07
707,April Reyes,26,35793.56,HR,cooksarah@austin.net,2018-07-25,Amsterdam,1.95
405,Sheila Estes,47,48249.02,sales,lcraig@wolfe.com,2022-11-05,Rotterdam,1.28
3,Kevin Boyd,24,64715.33,Sales,wrightjessica@richardson-marshall.com,2023-08-16,Utrecht,4.23
431,Natasha Howell,64,37251.12,Marketing ,thompsonbrett@gmail.com,2020-12-10,Rotterdam,2.67
545,Jeffrey Fisher,28,17925.33,HR,lindseyjackson@gmail.com,2022-07-03,The Hague,3.45
771,Katherine Sanchez,30,65616.28,Marketing ,joshuamcdonald@hotmail.com,2019-11-16,eindhoven,3.2
345,Marvin Gallegos,22,47934.43,HR,davidharris@hernandez-bernard.info,2020-08-13,Utrecht,2.43
980,Kenneth Barnes,58,66406.22,sales,timothy87@reese.com,32-13-2020,eindhoven,1.33
,Andrew Osborn,43,77550.97,HR,urodriguez@yahoo.com,2018-03-02,Utrecht,2.93
785,Melissa Hull,47,63396.86,Marketing ,richardmcgrath@hotmail.com,2025-12-06,Rotterdam,2.19
484,Joseph Bridges,55,58051.95,Marketing ,courtneyforbes@yahoo.com,2021-12-02,Utrecht,4.13
916,Daniel Dodson,61,59185.32,marketing,albertmartin@cline.com,2017-12-10,The Hague,4.08
358,Marissa Guzman,58,fifty thousand,Marketing ,sgriffin@smith.com,2024-10-05,Amsterdam,1.87
558,Tony Owens,25,48511.63,Finance,monroewillie@hotmail.com,2021-09-20,Amsterdam,1.4
586,Matthew Melendez,36,58723.31,Finance,walkerfaith@riddle.org,2025-10-02,eindhoven,4.78
722,Jacob Johnston,50,29347.47,Finance,harrisjessica@lane-perry.com,2023-06-28,Rotterdam,1.24
965,Megan Floyd,52,53653.96,Sales,jamesthomas@yahoo.com,2018-02-08,Rotterdam,1.27
881,Donna Scott,37,92903.99,Marketing ,crystal98@ali.info,2021-12-25,eindhoven,1.38
219,Caitlin Leblanc MD,49,47719.55,HR,heatherflynn@hamilton-burns.com,2019-08-10,Amsterdam,4.46
360,Angela Brown,42,42591.54,Sales,steven64@gmail.com,2017-07-04,The Hague,3.74
754,Brooke Lawson,45,70804.63,HR,lindseymullins@drake.com,2025-01-09,amsterdam ,2.08
548,Amy Ochoa,45,51954.32,sales,thomaswall@mitchell.net,,eindhoven,1.17
248,Kathryn Rollins,44,fifty thousand,IT,moodyrobin@willis.com,2020-06-08,Amsterdam,N/A
768,kristy davis,29,81562.01,Sales,valdezjenny@jacobs.info,2017-09-02,Amsterdam,3.12
903,James Maddox,53,55431.17,IT,erinmueller@yahoo.com,2016-11-15,Amsterdam,1.94
,Katherine Hernandez,49,74164.97,Sales,jsanders@yahoo.com,2019-07-04,amsterdam ,1.41
107,Sarah Brown,45,9999999,sales,wwilkerson@webster.com,2016-12-31,eindhoven,3.84
988,Justin Durham,44,68160.43,IT,manningmario@gmail.com,2018-07-10,Amsterdam,1.66
56,Benjamin Stevenson,34,68969.2,Marketing ,anna78@hotmail.com,2021-09-16,The Hague,4.8
121,Nicole Smith,65,66865.48,HR,gcunningham@garcia.com,2019-10-26,eindhoven,4.62
801,Shelly Tapia,33,69074.26,marketing,travis53@macias.com,2017-04-22,The Hague,3.14
26,Elizabeth Gibson,21,56663.84,Finance,brooke93@gmail.com,32-13-2020,Rotterdam,3.55
73,Kathryn Ochoa,52,54462.61,IT,medinamichael@moore.com,2022-12-05,Rotterdam,3.29
210,Robert Austin,57,112790.97,Marketing ,martinezbrandon@rubio-castillo.biz,2023-08-05,Utrecht,4.86
45,Patrick Mclaughlin,57,32822.17,Finance,waterssierra@perez.info,2024-10-22,Amsterdam,3.57
315,Cynthia Smith,28,74582.18,Finance,lesliehoward@horn-wu.org,2024-09-26,Utrecht,1.2
867,Sonya Howard,24,59287.98,sales,huntshannon@calderon.com,2022-01-16,Rotterdam,1.68
654,William Horton,62,38402.11,Sales,moorelydia@arias-estrada.info,2021-04-25,eindhoven,1.04
329,Ellen White,42,64361.8,sales,gregorytiffany@johnson-davis.info,2022-02-25,The Hague,1.22
926,Faith Mccarty,32,32152.2,marketing,vtanner@harris.info,2023-05-10,The Hague,3.93
352,Christina Simmons,20,77130.34,Finance,jenniferrodriguez@yahoo.com,2021-08-08,Rotterdam,1.17
957,Penny Obrien,150,60140.88,marketing,glenda52@powers-lopez.biz,2023-12-13,Rotterdam,4.24
636,Shawn Washington,65,30177.15,marketing,calvincole@jackson.com,2023-07-08,The Hague,4.41
715,Brandon Shannon,65,54435.48,Finance,lisasmith@curry.info,2018-03-17,Amsterdam,10
371,Victoria Morales,22,55367.65,marketing,irice@gmail.com,2023-06-24,The Hague,2.39
686,Trevor Reyes,45,65694.98,Finance,woodschad@gmail.com,2017-12-29,Utrecht,10
811,manuel jefferson,54,52196.93,marketing,keith30@yahoo.com,2022-10-16,Amsterdam,2.26
539,Katie Nelson,55,70094.39,marketing,debra11@hotmail.com,2016-10-23,Amsterdam,1.62
,Morgan Lewis,44,91686.28,Sales,hilljasmine@jackson.biz,2022-11-18,Utrecht,2.79
465,Debra Bass,46,53315.08,IT,sergio32@jones.com,2017-11-28,amsterdam ,4.24
999,Michelle Miller,47,46432.32,Finance,greghogan@wall.com,2026-04-13,eindhoven,2.84
363,David Shepherd,48,53368.6,sales,allenkatie@gmail.com,2017-12-06,The Hague,2.63
544,Erin Guerra,37,76623.53,Marketing ,birdjulie@yahoo.com,2018-05-03,The Hague,2.41
618,Ryan Franklin,56,65886.5,sales,koliver@yahoo.com,2019-12-28,Utrecht,1.94
61,Danielle Garner,57,47812.39,Sales,tclark@davis.org,2025-07-02,Rotterdam,2.06
842,Christopher Phillips,34,65122.29,Sales,mileswalter@gmail.com,2022-07-29,Rotterdam,2.56
225,Julie Davidson,50,47921.02,Marketing ,lisa36@cantrell.biz,2020-08-06,eindhoven,4.68
93,Vernon Johns,29,44469.2,sales,steven02[at]navarro-salazar.com,2017-02-24,The Hague,2.3
635,John Morgan,44,39818.43,HR,jvega@goodwin-richard.com,2023-06-11,eindhoven,1.52
382,Debra Gonzalez,33,46009.11,sales,lopezfred@gmail.com,2019-04-18,amsterdam ,1.6
507,Brianna Howard,51,46114.09,HR,kmolina@drake.com,2019-08-24,Amsterdam,3.39
694,Andrea Wallace,28,64239.03,marketing,hensonnatalie@mccann-ramirez.net,2020-05-19,amsterdam ,3.91
875,Wayne Smith,37,54503.1,marketing,apratt@gmail.com,2022-12-22,The Hague,1.49
854,Richard Griffin,43,72835.25,marketing,charvey@gmail.com,27/01/2019,Amsterdam,2.88
973,Kenneth Johnson,65,67609.65,HR,cassandracarpenter@carr-hicks.org,2022-08-07,Amsterdam,3.34
632,Robert Taylor,56,77943.25,IT,bbarnes@caldwell.com,2017-09-06,amsterdam ,3.29
245,victoria deleon,63,36995.55,Finance,denise28@duke-murray.net,2023-08-04,amsterdam ,2.28
347,daniel burns,32,33278.73,Marketing ,monroeashley@johnson.com,2017-12-03,Rotterdam,3.72
353,Brad Robinson,20,67864.89,Marketing ,obeltran@yahoo.com,2018-03-03,The Hague,3.53
276,Curtis Garcia,55,61931.55,Sales,baileymartin@gmail.com,2018-01-17,eindhoven,4.86
266,Andrea Edwards,53,36283.25,marketing,ygrimes@collins.com,2019-09-29,The Hague,4.26
308,Jenny Jenkins,24,46126.43,sales,lorihoover[at]gmail.com,2022-10-18,amsterdam ,2.25
919,Bradley Garza,46,9999999,IT,hintonalan@barker-dixon.net,2023-08-05,Rotterdam,2.63
529,David Snyder,63,58895.84,HR,melissadorsey@hotmail.com,2019-10-20,amsterdam ,4.62
515,Melissa Hall,51,46348.43,HR,dianarobinson@steele-williams.com,2024-06-19,Utrecht,1.06
111,Erin Martin,61,26218.43,marketing,angela66@gmail.com,2020-10-01,Utrecht,4.46
737,Linda Mcdonald,47,58840.45,IT,ryan20@allen.info,2018-02-18,amsterdam ,1.14
579,Amanda Barnes,27,32821.21,Marketing ,daniel11@yahoo.com,2018-08-01,amsterdam ,4.87
535,Taylor Le,21,45222.46,IT,caseytorres@hill-trevino.com,2022-05-11,eindhoven,2.48
696,Shannon Hopkins,65,50356.8,IT,coreyscott@johnson.info,2023-11-10,eindhoven,1.15
534,Shannon Hudson DDS,35,36834.76,Sales,victoria30@yahoo.com,2025-10-15,amsterdam ,4.83
449,Ashley Lopez,37,47292.0,Finance,jmiller@hotmail.com,2018-10-15,The Hague,1.26
295,Sarah Moore,23,60355.23,HR,sbarajas@hotmail.com,2021-06-26,Utrecht,2.49
300,charles thompson,unknown,64444.43,IT,vpierce@dalton.biz,2020-02-05,The Hague,3.35
825,Lori Miles,34,48317.46,Sales,jonathanfisher@yahoo.com,2022-12-08,Utrecht,4.85
759,Travis Reed,43,42124.63,HR,fpeters@moreno.com,2025-06-05,amsterdam ,1.62
996,Juan Armstrong,28,50783.5,marketing,cookcharles@yahoo.com,2018-04-12,Amsterdam,2.94
750,Peter Moore,53,33900.08,sales,jeffrey39[at]gmail.com,2025-03-23,The Hague,2.19
665,Stephanie Reeves,59,44307.31,sales,samuel09[at]gmail.com,2017-05-09,The Hague,1.77
571,Brian Wise,52,55276.28,sales,codylopez@hotmail.com,2022-12-19,The Hague,3.91
291,James Knox,35,51878.17,Marketing ,gavin78@phillips-powell.com,2025-02-04,Rotterdam,1.6
775,Kimberly Duncan,50,64327.15,HR,williamsmary@gmail.com,2023-01-04,amsterdam ,1.59
138,Melissa Patterson,42,50169.08,Sales,wilkersonmichael@yahoo.com,2017-12-12,eindhoven,1.86
410,Robert Cisneros,65,62716.58,Finance,ashley74@vincent-henson.com,2025-06-19,Amsterdam,4.29
421,Brian Mitchell,,85911.22,IT,richard43@gmail.com,2019-07-24,amsterdam ,1.52
742,Austin Gonzales,36,35806.35,HR,zacharyvasquez@hotmail.com,2017-07-31,amsterdam ,3.6
797,Elizabeth Miller,41,54406.67,Sales,janetjones@yahoo.com,2017-12-04,Rotterdam,2.71
287,Samuel Jones,62,52723.22,Sales,monica76@yahoo.com,2025-03-16,The Hague,4.12
EMP-592,Matthew King,56,47835.14,sales,matthewwhite@perez-smith.net,2019-10-12,Amsterdam,1.02
848,Kathryn Smith,65,91829.5,IT,sydney28@jimenez-mills.com,2018-03-31,eindhoven,1.8
30,Christine Dunn,20,50624.59,HR,carol19@hotmail.com,2025-10-24,Utrecht,2.22
261,Brianna Keller,21,41096.04,HR,tonya43@yahoo.com,2019-02-09,eindhoven,2.42
79,Jessica Greene,33,56376.41,marketing,pamela03@hill-garcia.com,2024-10-05,Utrecht,2.84
216,Laura Erickson,41,66384.54,Finance,perezsteven@hotmail.com,2017-03-25,eindhoven,3.11
789,Jennifer Hall,65,53947.51,Marketing ,taylorronald@hotmail.com,2026-01-09,The Hague,3.2
166,Benjamin Casey,36,61191.71,Sales,lhaney@howard.net,2024-11-13,Utrecht,2.14
249,Ryan Myers,33,81481.81,Sales,gabriellebenson@gmail.com,2023-05-28,Utrecht,1.37
786,John Bird,58,71211.71,IT,edwardscott@hotmail.com,2021-05-02,Amsterdam,3.57
542,STEPHANIE WILSON,55,38054.4,IT,williamsnicole@yahoo.com,2021-08-12,Utrecht,1.65
194,Rachel Hernandez,23,36313.92,sales,kyle96@hotmail.com,,eindhoven,2.51
335,michael elliott,46,69626.8,Marketing ,johnsonlinda@yahoo.com,2022-05-04,Amsterdam,3.73
598,Catherine Barton,18,40318.54,marketing,qfisher@johnson.com,2026-02-02,Rotterdam,4.07
927,Brady Maldonado,46,46616.17,HR,linda62@hotmail.com,2025-12-15,Rotterdam,2.31
66,Christopher Mejia,20,75343.6,HR,garzakim@mitchell-malone.com,2023-05-25,Utrecht,1.73
366,Ryan Fitzpatrick,40,48981.69,Finance,randalljessica@yahoo.com,2025-11-13,amsterdam ,1.48
978,Dean Terry,unknown,18641.81,Sales,fpetersen@williams.com,2016-08-24,amsterdam ,3.02
255,dr. anthony church,32,32209.45,sales,kolson@hotmail.com,2020-11-11,amsterdam ,1.34
,Savannah Jones MD,60,23771.06,sales,tarahill@gmail.com,2017-06-28,The Hague,4.49
820,Christopher Moon,33,70982.21,marketing,triley[at]hotmail.com,2022-06-17,Utrecht,2.5
222,Alexandra Martinez,20,26991.02,Finance,campbellkimberly@mason.com,2022-05-12,Amsterdam,3.94
236,vincent clarke,37,64508.79,marketing,wjackson@torres.com,2018-07-20,Utrecht,3.58
495,Rhonda Cruz,54,77846.86,Sales,sextongabriel@houston-patterson.com,2017-05-15,amsterdam ,-1
523,Tina Nicholson,38,45060.64,IT,wowens@yahoo.com,2019-09-14,Amsterdam,1.25
297,Jessica Mills,30,68494.0,marketing,michelleturner@gmail.com,2022-02-04,Rotterdam,2.27
581,Jessica Fernandez,43,60077.45,IT,mathewsanthony@hotmail.com,2020-03-31,Rotterdam,2.19
EMP-959,Michael Cardenas,27,63546.51,Marketing ,xpugh@gmail.com,2023-07-26,Amsterdam,2.07
250,Christopher Donovan,65,61074.73,Sales,chadrose@gmail.com,2026-03-08,eindhoven,1.3
600,Robert Wilson,56,60659.51,IT,ihughes@young-morgan.com,2016-09-19,eindhoven,2.3
448,benjamin walsh,29,40901.8,IT,ginamiles@shah.org,2024-07-03,The Hague,3.29
72,Robert Rodriguez,44,78070.55,marketing,alexanderjames@gmail.com,32-13-2020,The Hague,3.32
95,Melissa Martin,21,49118.38,sales,stephaniemoran@yahoo.com,2017-05-13,eindhoven,3.85
34,Anthony White,39,39134.34,Marketing ,maryjohnston@ramirez.com,2018-10-30,Utrecht,3.03
,Tiffany Wagner,21,66619.51,Finance,ryanryan@hurst.org,2025-07-06,Rotterdam,4.9
205,Robert Bailey,59,34334.96,HR,thompsonhunter@gmail.com,2026-05-25,amsterdam ,1.8
,Frank Miller,61,57948.32,sales,katherine39@yahoo.com,2024-10-31,The Hague,3.07
799,Robert Anderson,unknown,55424.78,Finance,powellbrendan@gaines.com,2018-11-21,eindhoven,4.26
356,Jason Bauer DDS,25,39962.06,Finance,michael66@gmail.com,2018-06-14,eindhoven,3.7
78,Bailey Perez,,50514.89,IT,ruizdouglas@hotmail.com,2020-11-14,eindhoven,3.26
85,Christy Taylor,36,42872.6,IT,chad25@yahoo.com,2024-06-28,Amsterdam,1.56
334,Karen Bolton,31,44842.57,IT,gperry@yahoo.com,2021-04-28,The Hague,3.12
83,Monica Castillo,64,77168.41,Marketing ,jmorgan@yahoo.com,2018-03-18,amsterdam ,3.59
434,Ruben Edwards,150,65763.13,IT,umayo@thomas.com,2024-11-17,amsterdam ,4.73
658,Debra Heath,34,54638.12,Finance,waynechen[at]jackson.com,2019-07-26,amsterdam ,4.77
458,Hayden Phillips,63,39471.37,Marketing ,laurapatrick[at]shelton.info,2019-12-16,eindhoven,4.51
199,Monica George,150,55873.13,IT,john28@hotmail.com,2023-08-20,Rotterdam,3.72
614,Jose Reyes,49,38117.66,Marketing ,abrown@clayton-mclean.org,2025-05-07,eindhoven,1.93
479,Lori Hernandez,54,101183.21,IT,ramirezjames@hotmail.com,2025-02-06,amsterdam ,1.32
324,Kathy Larsen,62,86385.81,IT,rhernandez@hill.biz,2018-10-13,amsterdam ,1.87
6,Crystal Petty,33,51487.95,Finance,dianarogers@hotmail.com,2026-03-29,amsterdam ,3.23
463,Timothy Holmes,24,44504.12,IT,uhancock@hotmail.com,2020-02-19,amsterdam ,4.22
105,Shelly Moreno,61,52580.71,marketing,jacksonalexander@hotmail.com,,The Hague,1.22
98,Edward Davis,38,58915.83,IT,johnsonangela@hotmail.com,2022-02-06,eindhoven,1.27
310,Douglas Cunningham,47,51967.11,Finance,martinezchristy@yahoo.com,2022-04-12,eindhoven,3.6
425,Cameron Nguyen,39,64680.64,Sales,paulsnyder@cunningham.org,2023-11-25,Utrecht,1.84
412,Michael Thompson,24,38130.37,marketing,msmith@yang.com,2022-11-19,amsterdam ,2.71
940,Tommy Berger,35,46538.82,Sales,patriciamurray@hotmail.com,2026-04-08,amsterdam ,4.17
282,Janet Terry,39,64931.96,Sales,yvonne17@werner-farrell.com,2024-06-13,Utrecht,1.08
267,Timothy Yates,-5,79486.17,sales,ashleyhall@kent.com,32-13-2020,The Hague,1.88
482,Justin Williams,62,40666.89,Marketing ,klinemegan@mays.com,2020-01-31,Utrecht,1.25
680,Mr. Bruce Diaz,41,74073.33,IT,scottwoods@roman-woods.net,,Rotterdam,2.06
596,Jeffrey Neal,,47349.75,HR,simmonsgabrielle@wilson-warren.com,2016-08-28,eindhoven,1.16
990,Shannon Henry,18,55403.29,HR,pmiller@williams-robinson.com,2026-01-19,Amsterdam,1.74
930,Meghan Robinson,39,54013.75,Sales,rachael19@hotmail.com,2019-05-03,Rotterdam,3.3
849,Margaret Shannon,50,45433.9,Finance,sheilasmith@yahoo.com,2017-07-09,amsterdam ,4.8
119,Samuel Burgess,27,72142.34,sales,ucameron@palmer.org,2022-03-03,The Hague,4.34
713,ann ortiz,23,46826.21,IT,john60@yahoo.com,2019-06-08,amsterdam ,1.7
251,Daisy Lucero,38,36086.74,Finance,johnsonhannah@day.info,2021-05-21,Utrecht,2.81
669,Brandon Wilson,60,15235.45,Marketing ,dominguezryan@gmail.com,2022-04-27,Utrecht,4.41
553,Judy Good,26,72516.73,IT,daniel05@yahoo.com,2019-09-12,Amsterdam,1.33
381,Gina Marquez,31,42404.17,sales,nleonard@weber.org,2020-01-27,Utrecht,2.8
10,Christopher Bailey,,63138.4,marketing,wilsonkim@gmail.com,2021-08-11,Utrecht,1.45
372,Abigail Garner,54,9999999,Finance,suarezmatthew@gmail.com,2019-07-19,The Hague,2.18
197,Michelle Kelley,43,41742.14,IT,farleythomas@leblanc.biz,2025-09-06,eindhoven,3.71
,Nicholas Rivera,24,32452.86,IT,pwright@collins.org,2025-01-03,Amsterdam,1.62
82,Jessica Vargas,21,60356.69,Marketing ,agonzalez@ruiz-alvarado.org,2017-05-05,Utrecht,4.1
433,Brandon Lambert,27,50958.9,marketing,youngmelissa@gomez-thompson.info,2024-02-16,The Hague,3.13
528,Nicholas Ellis,37,55721.27,IT,luke01@pham.com,2017-05-30,Utrecht,4.08
757,Scott White,24,62399.77,Sales,bmorton@carr.com,2023-11-14,Utrecht,3.36
240,Jesse Mcintyre,59,67786.5,Marketing ,tking@edwards.org,2024-07-23,Rotterdam,1.23
704,Renee Edwards,63,33873.08,sales,matthew96@gomez-wilson.org,2020-03-26,Amsterdam,3.4
212,HARRY GEORGE,44,72033.48,Sales,yperry@velez-fisher.com,2019-07-16,Rotterdam,2.39
763,Michelle White,61,93401.27,marketing,taylor84@barber.net,2017-09-13,The Hague,1.76
414,Rachel Salas,56,74165.15,marketing,wendycochran@boyd.net,2021-11-16,amsterdam ,2.02
514,Kevin Warren,39,41386.55,IT,dmiller@davis.com,2022-06-09,amsterdam ,4.81
228,Allison Carney,47,38833.83,sales,rsweeney@lloyd.com,2021-05-16,eindhoven,4.3
910,Nathan Walker,32,87448.82,IT,cooktina@mcbride.com,2025-01-11,Utrecht,4.48
426,Courtney Pittman,64,75529.47,Marketing ,bakerabigail@moore-riddle.com,23/07/2017,Utrecht,1.68
845,linda garcia,unknown,57496.78,IT,rjones@gmail.com,2023-08-25,Utrecht,1.55
178,Raymond Palmer,42,76803.01,HR,rwilliams@yahoo.com,2018-06-12,Rotterdam,4.75
993,Joseph Petty,-5,fifty thousand,HR,goodmankenneth@yahoo.com,2025-02-04,Utrecht,N/A
450,Mr. Scott Rogers,31,39111.8,marketing,jonesemily@jones.com,2024-05-09,amsterdam ,3.12
526,Cindy Keller,19,27926.77,Marketing ,dmoyer@gmail.com,2019-06-19,Utrecht,2.68
527,Laura Romero,51,30586.86,Finance,towen@clark-lynch.com,2016-08-26,Utrecht,2.94
537,Nathan Torres,55,42093.8,HR,kbryant@yahoo.com,2025-09-08,The Hague,4.95
424,joseph conrad,30,69573.56,HR,heathermitchell@blake.info,2024-04-14,Amsterdam,3.96
8,Yolanda Farley,33,66511.52,marketing,caroline13@ingram.com,2023-09-20,The Hague,2.6
156,Steven Maxwell,56,44284.73,Marketing ,barrybailey@garner.com,2018-09-23,The Hague,1.91
577,Cynthia Phelps,25,58534.22,IT,christianhernandez@mitchell.com,2020-01-29,eindhoven,4.22
885,Robert Mays,25,65228.37,Marketing ,burkeabigail@yahoo.com,2024-11-19,amsterdam ,1.82
330,Colton Thompson,32,64425.18,Marketing ,andersonmichelle@white.com,2025-04-12,The Hague,3.19
532,Jacqueline Garcia,36,30077.2,sales,stephen59@lopez.org,2017-11-19,Rotterdam,4.2
823,Michael Norris,31,89483.47,Sales,oarcher@ford-austin.com,2023-07-28,Amsterdam,4.75
826,Tyler Tucker,28,76800.77,Finance,elijah19@shaw.org,2016-11-17,eindhoven,4.29
604,William Carter MD,45,75334.57,marketing,aclark@yahoo.com,2024-06-13,Amsterdam,1.16
829,TIMOTHY LEWIS,30,48697.2,marketing,christinajohnson@rangel.org,2021-10-21,Rotterdam,2.39
616,Jason Randolph,50,56938.32,Marketing ,michellecervantes@wilson.com,2024-06-04,amsterdam ,3.63
992,Hannah Nelson,24,24373.98,IT,jasonschaefer@yahoo.com,2023-03-31,Utrecht,4.59
605,James Richards,49,61201.52,Marketing ,esanders@hotmail.com,2020-09-16,eindhoven,1.32
478,Kimberly Wilson,40,59668.75,Finance,iblackwell@hotmail.com,2025-09-13,amsterdam ,1.95
809,Adrian Richardson,59,73836.34,sales,garciastephanie@yahoo.com,32-13-2020,amsterdam ,2.7
621,Kelly Clay,25,43142.88,sales,james21@gmail.com,2017-09-23,Amsterdam,4.29
753,Kathryn Hoover,55,40361.9,HR,valdezjames@olson.com,2024-08-30,The Hague,2.02
905,David Mack,49,57866.49,Marketing ,aprilberry@gmail.com,2020-11-10,Rotterdam,1.09
164,holly mcgee,28,42689.77,Finance,psmith@gmail.com,2024-07-28,Utrecht,2.28
229,Aaron Sanchez,49,44270.44,Marketing ,jesusbrown@gmail.com,,Amsterdam,1.5
EMP-865,jason swanson,45,45808.17,HR,jay58@yahoo.com,2019-05-11,The Hague,3.43
979,eric smith,40,31241.46,Finance,mroberts@yahoo.com,2016-12-17,The Hague,4.72
213,Michael Stewart,150,69310.03,IT,bfreeman[at]smith.info,2024-03-08,Amsterdam,4.4
80,Deborah Medina,22,25186.47,IT,adambarnes@gmail.com,2018-08-23,eindhoven,3.76
149,Joshua Munoz,42,62829.12,Finance,kristi41@gmail.com,2021-05-26,Rotterdam,4.25
303,kristin johnson,34,66209.4,marketing,mariah84[at]little.com,2026-04-14,amsterdam ,1.43
389,Sandra Gardner,-5,69256.36,sales,cwilliams@gmail.com,2017-09-19,Amsterdam,1.42
519,MICHELLE BALDWIN,26,56489.98,Finance,anthony52@preston-romero.com,2025-02-09,amsterdam ,2.86
542,STEPHANIE WILSON,55,38054.4,IT,williamsnicole@yahoo.com,2021-08-12,Utrecht,1.65
890,Dr. Seth Perez,45,71630.55,IT,charleshoover@yahoo.com,2021-02-17,Amsterdam,N/A
44,John Willis,56,50483.44,Finance,alexanderwhitehead@bowman-brown.com,2019-01-04,Amsterdam,2.56
391,Michael Taylor,52,41523.78,marketing,parkwendy@robertson.info,2018-01-22,amsterdam ,3.16
134,Mr. Jose Haynes,36,62103.89,Sales,stephanie06@gmail.com,2021-08-14,eindhoven,3.41
716,Brian Harris,34,71549.53,sales,francokim@gmail.com,2021-03-20,eindhoven,3.54
312,CHRISTINA VAUGHN,64,71481.65,HR,qgreen@collins.net,2025-03-12,eindhoven,2.76
491,rose garcia,unknown,54880.41,Marketing ,pcannon@ruiz.com,2021-08-27,Amsterdam,4.43
1000,April Adams,19,63588.74,HR,xjefferson@yahoo.com,2020-03-18,eindhoven,2.3
697,Dominique Smith,47,59892.0,marketing,hmorris@gmail.com,2016-09-11,eindhoven,1.56
837,Katrina Hopkins,43,78257.51,sales,dvalencia@hotmail.com,2025-07-10,amsterdam ,2.56
1,DR. TODD LESTER,32,62450.71,Sales,omartin@french.com,2021-10-17,Amsterdam,10
494,Richard Jones,-5,42080.74,Marketing ,gallegosstephanie@hotmail.com,2019-06-01,eindhoven,1.87
383,Timothy Cook,51,23141.56,IT,agreen@beck-pierce.com,2018-03-18,The Hague,4.43
317,luke garcia,-5,65229.29,marketing,kathleen08@gmail.com,2020-11-17,eindhoven,4.8
766,Timothy Rogers,52,44452.35,sales,bianca68@gmail.com,2023-03-29,Utrecht,N/A
584,NICOLE ANDERSON,unknown,89060.39,sales,chloe01@yahoo.com,2023-02-10,amsterdam ,2.22
866,GLEN LEWIS,25,49184.48,Sales,melissarobinson@perez-sims.net,2020-04-24,Rotterdam,1.26
,Daniel Harris,54,39878.71,HR,aaronvazquez@gmail.com,2026-01-30,amsterdam ,4.38
991,Krista Nelson,41,9999999,IT,qperkins@reed.com,2024-07-19,eindhoven,3.8
429,Stephanie Wallace,-5,70876.37,Finance,tiffany79@hotmail.com,2025-04-05,Utrecht,3.74
173,Paul Kelly,54,53843.47,HR,ggomez@johnson.com,2024-04-04,Amsterdam,3.72
126,tracy king md,unknown,87856.83,marketing,williamherrera@salinas-henderson.biz,2018-02-10,eindhoven,1.44
454,Tara Crosby,38,62560.7,Sales,flindsey@michael-skinner.com,2017-03-20,amsterdam ,3.28
483,Sonya Parker,57,-2000,Sales,leslielee@ross-smith.com,2023-06-26,Utrecht,2.01
589,William Bentley,35,67455.04,Finance,dawn06@yahoo.com,2017-03-23,Rotterdam,3.4
587,Pamela Ellison,58,48109.59,Sales,evansandrew@yahoo.com,2023-01-11,amsterdam ,4.41
91,James Phelps,47,56456.16,HR,ryan60@coffey.info,2018-08-12,Amsterdam,1.2
997,Jose Jones,58,81965.3,sales,jamesdickerson@yahoo.com,2018-06-06,Utrecht,4.12
EMP-182,Joy Blackwell,38,42142.64,Finance,acrane@soto.org,2017-07-20,The Hague,2.89
364,Ashley Peck,18,61025.68,HR,davidthomas@gmail.com,2016-09-01,Utrecht,1.43
275,Kimberly Carter,20,40277.37,Finance,joshua10@hotmail.com,2022-02-15,The Hague,1.25
950,Johnny Jordan,64,-2000,Sales,crawfordgeorge@gmail.com,2021-10-07,Utrecht,4.07
70,Zachary Whitaker,28,45323.2,Sales,jillian71@fernandez.com,2022-07-08,Amsterdam,2.85
292,Brian Stewart,60,47604.99,HR,johnsonashley@yahoo.com,2019-08-28,Utrecht,2.04
132,Mrs. Ashley Wright,20,56028.44,HR,melissa91@gmail.com,2020-03-10,Amsterdam,4.46
301,Brooke Hampton,56,42565.07,Finance,michaelkrause@yahoo.com,2022-07-26,Utrecht,4.98
508,Jessica Kelly,44,9999999,HR,chavezlaura@evans.info,2018-05-24,Amsterdam,3.48
327,Brian Taylor,28,72371.66,Marketing ,xlang@yahoo.com,2024-08-21,amsterdam ,4.14
145,Chad Kennedy,55,58898.24,Marketing ,timothy26@gmail.com,2018-12-15,Utrecht,4.37
486,Tammy Phillips,40,33666.19,IT,franklinwendy@valenzuela.com,2021-04-29,Rotterdam,2.86
844,Maurice Williams,39,60736.15,Finance,fwilson@hotmail.com,2021-09-21,Amsterdam,1.63
850,Lisa Williams,29,47035.05,Sales,nathanielshah@huff.com,2024-03-07,Rotterdam,4.12
136,Ms. Madison Mitchell,27,78249.02,Marketing ,makayla45@gmail.com,25/01/2020,Rotterdam,4.11
468,Jacob Smith,40,66362.62,HR,kenneththompson@smith.biz,2017-12-08,amsterdam ,4.19
165,Deborah Mendez,64,69450.64,Sales,michaelcollins@gmail.com,2021-07-21,Rotterdam,-1
29,Sarah Williams,29,45990.42,Sales,jevans@rodriguez.com,2025-10-01,eindhoven,4.21
599,JESSICA NELSON,61,48335.6,IT,colton86@yahoo.com,2019-05-17,Utrecht,1.62
194,Rachel Hernandez,23,36313.92,sales,kyle96@hotmail.com,,eindhoven,2.51
446,ANGELA HARRIS,33,65045.09,Marketing ,joseph94@brewer-doyle.org,2019-09-28,Amsterdam,N/A
679,Chad Meza,53,69035.18,sales,michellewilliams@hotmail.com,2025-03-14,Utrecht,1.92
585,Cynthia Chen,59,57727.99,sales,matthewburns@dixon.biz,2021-05-23,Utrecht,2.81
,Michelle Knight,47,43693.96,Finance,jennifer47@norris-guzman.com,2022-09-11,amsterdam ,4.08
536,Devin Armstrong,23,55710.98,Finance,thomassullivan@hotmail.com,2018-11-30,eindhoven,2.15
141,Brett Bryant,19,58411.9,marketing,jacqueline25@gmail.com,2020-08-15,The Hague,1.52
174,Karen Dunn,-5,60117.28,marketing,fisherjoseph@sanders.com,2017-11-13,Utrecht,3.89
7,Jennifer Adkins,150,78688.19,HR,arieljohnson@hotmail.com,2025-06-26,amsterdam ,2.26
EMP-683,Brandon Avila,43,47132.2,sales,rushjames@scott-meza.org,2019-02-01,The Hague,4.96
530,Phyllis Padilla,46,41435.25,HR,michael45@hotmail.com,2021-07-27,amsterdam ,2.27
693,Nathaniel Leonard,29,38784.05,HR,veronica70@chen-knight.com,2020-07-26,eindhoven,2.54
74,MARK WHEELER,63,78469.65,Finance,tstanton@hotmail.com,2025-05-25,amsterdam ,4.92
899,Michael Fernandez,51,73097.63,sales,fisherjennifer@yahoo.com,2023-02-23,The Hague,2.41
222,Alexandra Martinez,20,26991.02,Finance,campbellkimberly@mason.com,2022-05-12,Amsterdam,3.94
239,Rebecca Fletcher,-5,45073.2,IT,wilsonross@schmidt-davis.com,2017-08-04,Rotterdam,4.9
146,JOSEPH NGUYEN,-5,66727.34,HR,annettemassey@gilbert.com,2025-01-28,amsterdam ,1.12
906,Joshua Briggs,61,55696.55,Sales,john25@gmail.com,,amsterdam ,1.5
235,Ashley Ray,38,87159.16,HR,williamskevin@miller.net,2024-08-18,The Hague,3.4
221,Mary Farley,28,89719.88,marketing,rmiranda@hotmail.com,2018-05-11,The Hague,3.04
215,Sharon Jones DVM,30,50270.96,Finance,brenda04@johnson.com,2020-01-08,Rotterdam,2.11
963,Sarah Lewis,28,57947.82,marketing,duranandrew@yahoo.com,2021-05-17,amsterdam ,2.49
133,Mark Fleming,42,39065.44,HR,kristophergreene@harper.net,2016-06-23,The Hague,2.07
360,Angela Brown,42,42591.54,Sales,steven64@gmail.com,2017-07-04,The Hague,3.74
617,Manuel Williams,61,56640.92,IT,benjaminwhite@gmail.com,2017-04-20,Rotterdam,3.49
846,Kristin Lester,23,62386.77,marketing,clayton15@roberts.com,2017-06-03,eindhoven,2.74
423,James Bryant,38,51265.54,Marketing ,gwest[at]hobbs-martinez.com,2025-12-13,Utrecht,3.46
186,Abigail Guerra,33,65710.01,sales,angelasmith@johnson-scott.info,2016-10-25,amsterdam ,2.44
42,Alexis Harvey,32,57570.52,HR,torreseric@grimes-wright.com,,Utrecht,3.17
651,Erica Thomas,61,82734.34,Marketing ,jonathan94@gmail.com,2017-02-14,eindhoven,2.09
109,Sarah Waters,39,58863.26,Sales,kristen40@clark-thornton.com,2025-01-31,The Hague,1.78
EMP-717,Kyle Hardy,20,56713.41,IT,samuellong@gmail.com,2024-07-09,amsterdam ,3.66
57,Destiny Boone,51,42411.74,Sales,robert60@gmail.com,2026-03-08,Utrecht,N/A
708,Molly Rose,38,81321.91,sales,ryanbrown[at]stone.com,2019-07-03,eindhoven,3.59
333,Kimberly Bishop,22,56137.07,IT,egonzalez@gmail.com,2023-01-02,The Hague,1.27
994,Howard Davidson,30,44770.24,IT,jacquelineanderson@thompson.com,2023-09-13,amsterdam ,1.72
914,Michael Clark,150,78661.8,Finance,brittanyford@griffin.org,2025-12-10,Amsterdam,3.17
436,Julie Lucero,63,56111.42,HR,cheryl54@gmail.com,2020-12-09,Rotterdam,1.66
25,Joshua Noble,34,46834.26,Sales,zgarrett@yahoo.com,2020-10-25,Utrecht,3.42
480,Michael Tran,51,71793.62,marketing,ashley73@hotmail.com,2026-02-03,amsterdam ,3.65
583,Angela Miller,28,64491.73,marketing,mcdowellnicholas@trevino.com,2023-04-23,amsterdam ,4.25
81,Megan Bell,42,51704.92,marketing,cameron44@gmail.com,2018-06-15,Amsterdam,4.91
671,Katherine Diaz,31,73691.28,sales,vazquezaaron@yahoo.com,2017-01-26,Amsterdam,2.43
892,Richard Hansen,29,62609.11,IT,linda83@yahoo.com,2017-04-12,eindhoven,3.86
984,Richard Carr DDS,65,54284.33,Sales,burnettmichael@yahoo.com,2020-11-17,Rotterdam,10
339,Clarence Orozco,-5,61193.97,sales,wangjoseph@griffin.biz,2020-11-06,eindhoven,2.8
52,Alexis Guzman,48,49223.77,sales,brooke19@gmail.com,2016-09-13,Rotterdam,4.32
384,Teresa Jackson,58,47113.67,Marketing ,tammykaiser@freeman-middleton.net,2021-06-17,The Hague,3.23
550,Mary Martin,65,45940.22,IT,nelsondouglas@hotmail.com,2020-09-09,amsterdam ,3.45
91,James Phelps,47,56456.16,HR,ryan60@coffey.info,2018-08-12,Amsterdam,1.2
674,Madison Parker,51,49428.39,marketing,adamhernandez@marks.org,2022-09-07,Amsterdam,1.47
982,Joseph Hopkins,36,61381.86,Finance,lgreen@strickland-davis.info,2023-09-16,The Hague,2.45
265,Paul Goodman,150,51211.48,IT,danielkelly@hotmail.com,2025-01-12,Rotterdam,3.93
573,Jennifer Garrett,33,59903.91,Sales,tarajones@yahoo.com,32-13-2020,eindhoven,2.94
756,Ashley Shelton,44,94485.73,Marketing ,james21@hotmail.com,2018-09-03,Utrecht,1.59
951,William Higgins,28,51381.46,Finance,leevincent@hotmail.com,2023-12-04,Rotterdam,4.64
445,Kendra Beck,58,35432.96,HR,lyoder@yahoo.com,32-13-2020,Amsterdam,2.83
396,Andrew Powell,57,47962.37,Marketing ,audrey41@martinez-king.com,2020-11-14,Amsterdam,1.61
552,Sue Baker,61,52664.84,HR,qdixon@gmail.com,2023-04-30,eindhoven,1.86
177,Daniel Thomas,29,55195.03,Finance,tmartin@yahoo.com,2024-08-08,Rotterdam,4.34
19,Joe Banks,49,41379.64,sales,angela11@hotmail.com,,Amsterdam,4.94
761,Michael Davis,63,46365.43,sales,davisbreanna@hotmail.com,2019-12-30,Amsterdam,4.79
533,Danny Nguyen,20,54008.8,marketing,robertjohnson@medina.com,2016-11-27,eindhoven,2.43
606,Melissa Obrien,33,83151.94,IT,towens@yahoo.com,2025-05-13,Amsterdam,3.05
619,Melissa Hardin,29,62215.14,marketing,msoto[at]campbell.com,,Amsterdam,3.47
368,Katherine Smith,23,55188.89,HR,mcarroll@logan-carpenter.com,2025-08-14,amsterdam ,2.54
84,Jeffrey Gregory,36,47225.95,HR,gregory65@hotmail.com,2020-06-25,Utrecht,3.12
62,Melissa Tran,62,52215.12,IT,jennifer07[at]powell.org,2021-02-01,Utrecht,3.81
500,David Smith,52,34258.0,sales,ihart@hotmail.com,2024-09-02,Amsterdam,1.15
273,Carolyn Sloan MD,49,72447.46,IT,marywhitehead[at]smith.com,2022-08-06,amsterdam ,3.5
286,James Martinez,25,25718.68,HR,gmccall@higgins.info,2017-02-19,Rotterdam,4.84
361,Donna Pope,52,62790.2,Sales,jasonmiller@soto-joyce.biz,2018-06-21,The Hague,N/A
355,Jeffrey Morrison,48,54714.76,Sales,bryanyoung@yahoo.com,2025-11-29,Rotterdam,1.92
939,Timothy Johnson,46,58657.01,sales,hsmith@gmail.com,2022-01-26,amsterdam ,3.83
279,Thomas Hopkins,22,56047.03,marketing,jodimartin@castillo-cuevas.com,2020-11-21,Utrecht,3.08
13,Melanie Richards,52,58629.43,HR,gainesmark@jones.com,2021-10-16,Rotterdam,2.06
183,Lindsay Wilson,53,38936.61,Finance,oconnorchase@nixon.com,2026-01-21,Rotterdam,2.02
369,Alicia Gutierrez,29,56465.14,Finance,joyce36[at]yahoo.com,2026-04-04,The Hague,N/A
637,Andrew Mays,37,67347.56,IT,stevenssarah@walton.com,2018-07-08,Rotterdam,4.14
656,Nicole Smith,58,55888.28,sales,harriskaren@arellano-solomon.biz,2022-07-27,Rotterdam,3.21
224,Dr. Bryan Brown,31,30809.26,sales,christine74@bauer-lester.net,2020-06-09,Utrecht,3.39
741,Janet Gonzalez,24,27386.89,sales,blackstephanie@torres-mccoy.com,2025-12-25,Amsterdam,4.4
744,Hannah Clayton,55,55391.37,HR,erinthompson@yahoo.com,2023-01-14,Amsterdam,1.48
721,Desiree Clark,150,9999999,sales,hannahmaddox@moore-lopez.com,2019-06-23,amsterdam ,2.15
582,Timothy Huffman,59,48770.68,Sales,barrettrachel@hotmail.com,2024-02-29,eindhoven,2.88
487,Sarah Gray,61,45301.41,Finance,garciatiffany@dalton.com,2019-08-19,eindhoven,1.05
543,Melissa Wiley,51,62947.06,Sales,lroy@gmail.com,2025-09-14,Rotterdam,4.06
466,Lindsay Cooper,150,51685.46,IT,alvareznatalie@johnson.biz,2018-09-23,eindhoven,2.88
622,Angela Garcia,28,62072.03,Marketing ,ebonymccullough@lee-ball.com,2021-12-17,amsterdam ,4.48
496,Victoria Diaz,50,63083.65,sales,rdominguez@gmail.com,2022-01-19,amsterdam ,4.12
821,Mr. Devin Brown,40,47240.67,Marketing ,zpatel@taylor.com,2026-04-17,Amsterdam,1.34
668,Robert Graves,unknown,77559.89,marketing,megan74@hotmail.com,2023-06-09,Amsterdam,2.69
457,Mark Perry,27,53394.54,Sales,steven96@gmail.com,2020-07-01,The Hague,4.37
394,James Burnett,30,82471.88,marketing,schmidtmegan@yahoo.com,2022-12-23,amsterdam ,3.95
676,Dylan Lowery,50,43332.75,Finance,umartinez@hotmail.com,2016-12-21,eindhoven,4.16
714,Sarah Melendez,39,60987.04,Finance,dustin09@gmail.com,2020-12-31,Amsterdam,1.05
376,Kyle Rodriguez,65,43489.79,HR,banksbriana@white.com,2024-03-14,amsterdam ,1.97
413,Michael Hall,52,31988.29,Finance,jenniferelliott@yahoo.com,2022-11-12,The Hague,4.97
,Katherine Diaz,46,15703.82,Finance,patrick71[at]spence.com,2020-12-16,amsterdam ,4.88
935,Juan Crawford,55,61600.22,sales,brittanyherrera@yahoo.com,2025-03-06,Utrecht,1.19
501,KAREN GOMEZ,59,68892.66,Finance,elizabeth63@jennings.org,2020-05-10,The Hague,1.6
597,Katherine Green,27,50951.88,Sales,pamela20@adams.com,2017-09-29,Rotterdam,4.0
,Carol Hall,28,52114.59,IT,taylorbethany@yahoo.com,2017-06-30,amsterdam ,3.39
418,Edward Whitaker,64,56735.12,Finance,irobertson@johnson-young.com,32-13-2020,Utrecht,4.52
90,nicole foster,46,62699.01,HR,michael64@garcia.com,2025-07-03,amsterdam ,2.47
977,Benjamin Aguirre,61,48215.41,HR,rodneycollins@yahoo.com,2023-01-08,Utrecht,3.07
,Nichole Morse,34,57911.35,IT,kerrmegan@flores-perez.net,2025-07-20,Rotterdam,3.52
847,Tonya Vargas,63,59337.53,Finance,david69@vaughn.com,2023-10-23,The Hague,2.25
732,Nicole Cooke,35,40324.41,IT,westchris@yahoo.com,2021-03-24,amsterdam ,1.49
12,John Raymond,51,48014.05,marketing,medinajeffery@yahoo.com,32-13-2020,Utrecht,1.96
397,Bradley Paul,18,29302.98,HR,jenningsrichard[at]yahoo.com,2025-12-21,eindhoven,2.25
569,Steven Martinez,31,26938.12,Sales,suzanne72@delgado-watkins.com,2020-12-19,Utrecht,2.73
43,Jonathan Fischer,62,fifty thousand,Finance,gary36@humphrey-francis.com,2025-07-04,Utrecht,4.01
EMP-168,James White,29,83451.89,Marketing ,emily88@baker.com,2023-08-28,The Hague,2.31
417,Joshua Floyd,31,78267.28,Marketing ,rmccoy@hotmail.com,2025-07-06,eindhoven,4.3
804,Shawna Smith,64,-2000,IT,amy93@obrien.com,2025-08-03,The Hague,1.3
427,Benjamin Nelson,18,40526.15,Marketing ,mitchell70@burgess.com,2017-05-08,amsterdam ,2.44
936,George Newman,42,47469.19,HR,sosaandrew@fry.org,2021-09-07,eindhoven,3.08
337,Rebecca Phillips,28,42617.54,sales,oflores@yahoo.com,03/02/2019,Rotterdam,3.68
729,Emily Pittman,48,46903.6,sales,rileymichelle@yahoo.com,2020-08-12,eindhoven,2.18
653,Pamela Kennedy DVM,,50966.67,sales,xjones@hotmail.com,2020-12-23,Amsterdam,2.41
,Matthew Lee,53,44384.96,Sales,lopezjohn@gmail.com,2025-10-08,Rotterdam,3.57
336,David Miller,36,fifty thousand,sales,jenniferortiz@hotmail.com,2024-02-28,The Hague,2.78
16,Scott Browning,54,46565.69,HR,jessica92@nelson.net,2021-05-23,Rotterdam,1.38
685,Charles Reyes,46,36668.08,marketing,imorris[at]hotmail.com,2020-03-29,Rotterdam,2.22
325,Lisa Bell,63,39909.74,HR,carlataylor@hotmail.com,2020-06-07,Utrecht,3.84
705,Rhonda Martinez,39,31650.56,sales,nmiller@hotmail.com,2023-02-25,amsterdam ,2.93
223,bryan hardy,23,65293.9,Sales,fergusonbruce@moore-miller.com,2022-02-06,amsterdam ,3.35
180,Brandon Shaw,50,95802.54,Marketing ,ramseymichael@yahoo.com,2020-09-20,amsterdam ,4.27
100,Rachel Howell,56,51481.19,Sales,ryan60@alvarado.biz,2023-05-06,amsterdam ,2.93
522,Stephen Lopez,31,63150.4,IT,ricardosullivan@perez.com,2022-09-05,eindhoven,3.95
23,Allen King,37,56012.92,sales,aharrison@gmail.com,11/09/2018,Amsterdam,3.15
357,Betty Horton,26,54722.3,HR,nathan68@vincent.com,2021-09-03,The Hague,1.59
751,Joshua Becker,20,41151.5,marketing,moyerlori@yahoo.com,2019-06-05,The Hague,2.78
,Connie Henry DVM,34,53570.57,marketing,melaniedavis@yahoo.com,,eindhoven,4.13
187,Brian Payne,48,62098.56,IT,abigail14@payne.biz,2025-01-14,eindhoven,1.18
341,Amber Holland,46,42666.69,sales,haley32@conway-ferguson.biz,2019-05-05,The Hague,1.88
432,Susan Dean,26,24411.52,HR,kevin90@cox-weber.org,2024-08-11,Rotterdam,4.45
588,Joseph Williams,28,42252.33,Sales,michaelprince[at]richardson-tucker.info,2023-07-09,eindhoven,4.31
886,Brittany Herrera,27,82700.61,IT,msims@yahoo.com,2020-06-16,eindhoven,3.49
204,Mrs. Beverly Palmer,57,70807.03,Sales,lpeterson@lutz.biz,,Utrecht,4.37
781,Ryan Combs,37,57665.52,sales,nicole13@yahoo.com,2024-06-01,Amsterdam,1.51
,Jeffrey Ray,46,50085.07,Sales,brooksbrandi@wood.com,2016-08-03,The Hague,1.17
595,Derek Cole,51,70563.1,HR,mhiggins@gmail.com,2018-01-05,Rotterdam,3.22
69,Ann Reynolds,58,60424.54,Sales,haynesjennifer@singh-ramsey.com,2024-06-29,Utrecht,2.75
663,timothy webster,62,54508.7,HR,bcarter@gmail.com,2023-10-15,Amsterdam,2.21
285,Michael Nichols,54,9999999,sales,fpearson@ramirez-miller.com,28/06/2022,eindhoven,1.2
EMP-853,Joseph Murray,25,45439.19,marketing,barbara46@yahoo.com,2022-03-18,The Hague,N/A
435,Natasha Smith,57,77535.36,marketing,shannonvance@hanson.biz,2020-06-16,Rotterdam,10
,Justin Floyd,56,58483.81,HR,brandoncarson@gmail.com,2025-10-10,Rotterdam,2.57
76,Lindsay Smith,23,67328.54,sales,powellyolanda@chavez.com,2016-06-27,Utrecht,3.51
778,haley duran,38,51287.22,Finance,williamskaren@hotmail.com,2018-06-08,eindhoven,1.74
447,Kevin Jones,29,60498.97,Marketing ,melissawilliams@stuart.biz,2018-03-13,Amsterdam,3.67
189,Eric Rogers,49,42298.09,Marketing ,cholmes@yahoo.com,2016-06-01,amsterdam ,4.18
272,William Garcia,unknown,33462.07,Finance,stoneyvonne@wolfe.com,2024-01-18,amsterdam ,3.16
237,Ashley Buckley,58,24622.86,marketing,matthewtorres@gmail.com,32-13-2020,Utrecht,1.53
488,Chelsea Palmer,20,38776.78,marketing,marc62@castro.net,2025-06-16,eindhoven,3.44
560,Sean Bowman,50,48685.23,IT,wthompson@gmail.com,2022-09-07,Amsterdam,-1
118,Timothy Galvan,51,37469.83,Marketing ,kimberly76@gmail.com,2024-09-14,Utrecht,2.24
868,Destiny Adams,-5,60016.85,marketing,mbrown@yahoo.com,2018-10-17,amsterdam ,1.95
513,Debbie Graham,64,51415.78,IT,hamiltonjeffrey@hotmail.com,2016-11-15,Rotterdam,1.13
590,Nicholas Lawson,27,-2000,HR,david13@martinez.org,2018-01-11,Utrecht,3.33
631,Tracey Meyer,,29613.03,marketing,jessicamaldonado@hotmail.com,2016-06-22,Rotterdam,4.22
127,MARTIN WRIGHT,57,40141.96,Sales,opineda@james-kennedy.biz,2019-11-22,The Hague,1.07
117,Edward Hernandez,43,54479.32,Marketing ,grahammary@johnson.info,2018-12-12,eindhoven,3.57
474,Joseph Jones,26,75503.11,Sales,matthew05@burgess.com,2023-08-28,Amsterdam,1.0
738,Derrick Wilson,54,69740.36,sales,zlogan@tanner-brown.com,2022-01-15,eindhoven,1.24
58,SAMUEL EDWARDS,unknown,50361.81,sales,jsilva@hotmail.com,2016-09-20,The Hague,2.14
719,Christine Lee,30,49545.82,HR,ymartinez@anderson.info,2022-07-23,Utrecht,3.0
967,Deanna Sullivan,,44854.12,IT,ralvarez@yahoo.com,2022-09-29,Rotterdam,4.19
370,Stephen Olson,41,43404.85,Sales,pattersonmiranda@gmail.com,2019-02-21,Utrecht,4.12
269,Levi Huynh,24,48399.33,Sales,rwood@mayo.com,2016-06-22,Rotterdam,4.54
,James Thomas,22,48090.42,Marketing ,ajohnson[at]mccall.com,2023-01-05,Rotterdam,4.36
350,Matthew Schneider,41,51798.29,sales,hodgesjohn@gmail.com,2024-08-22,Rotterdam,2.86
196,Michael Vasquez,22,60779.76,IT,jeffreychapman@hotmail.com,2023-10-11,Amsterdam,1.72
103,crystal walker,31,49859.28,Finance,fullerjames@richardson-casey.info,2022-05-14,amsterdam ,2.3
887,Erica Baldwin,,63758.92,sales,andrew31@gmail.com,2019-05-25,Amsterdam,2.2
790,Terry Wall MD,43,30085.59,HR,yvette66@hotmail.com,2022-11-26,Rotterdam,4.61
784,Yolanda Wilson,-5,64158.79,sales,marcus90@phillips.com,2017-12-19,Rotterdam,1.74
264,Joseph Taylor,29,39634.19,sales,aaron84@gmail.com,2025-08-18,The Hague,3.82
444,SHANNON COLLINS,39,53663.2,Marketing ,garythompson@gmail.com,2016-08-18,Rotterdam,1.72
946,Jennifer Case,44,38948.73,IT,mirandaanderson@gmail.com,2022-12-23,Rotterdam,2.86
305,Lori Thompson,24,54686.48,marketing,vrogers@hotmail.com,2024-10-26,Amsterdam,2.99
342,Alejandro Pierce,37,58655.31,sales,pcummings@yahoo.com,2021-01-03,Amsterdam,3.21
639,Hayley Gray,56,35650.59,HR,brian62@lamb.org,2020-05-30,eindhoven,3.67
314,Danielle Woodward,48,67202.64,Marketing ,michael23@smith.com,2019-03-20,The Hague,4.57
150,Jeremy Flores,47,59454.77,IT,ryan04@glass.com,2017-02-18,eindhoven,3.02
125,Brandon Nichols,39,63802.86,HR,alyssa71[at]fowler.com,2025-07-27,eindhoven,3.78
834,Eric Rangel,40,43483.04,Finance,vcain@moore-ingram.net,2019-01-04,amsterdam ,4.14
873,ERIKA HICKS,32,34310.21,HR,ojones@santiago.com,,Utrecht,1.83
51,SHELLY THOMAS,49,59861.26,IT,hstrickland@moore.com,2025-02-18,amsterdam ,1.61
354,Mr. Wayne Anderson PhD,42,52600.92,Marketing ,martinezjessica@hayes.info,2017-05-28,Utrecht,2.51
985,Veronica Yang DDS,38,54945.96,Finance,patricia25@young.com,2019-03-12,Utrecht,3.81
143,Debra Bonilla,29,30887.75,HR,diana86@carlson-mann.com,2017-11-21,Amsterdam,4.33
471,Michelle Williams,46,50874.22,Finance,jenniferkim@hotmail.com,2022-10-28,The Hague,4.09
400,Ronald Wells,37,73567.24,HR,kellycarter@harris-santos.net,02/09/2022,Utrecht,2.92
666,Daniel Callahan,54,56596.45,marketing,hamptonrobert@yahoo.com,2021-01-28,amsterdam ,3.48
321,Dave Watson,47,56454.94,marketing,caitlinpowell@sanchez.com,2018-09-03,The Hague,3.94
20,Gabriel Sanford,53,33815.44,Finance,rchapman@gmail.com,2026-02-03,Amsterdam,3.32
859,Susan Barker,25,46716.65,HR,hunter98@cohen.com,2025-09-17,Utrecht,2.29
838,Colleen Heath,63,40024.69,marketing,rodriguezgwendolyn@gmail.com,2017-05-19,eindhoven,4.37
877,Christian Miller,18,47235.83,HR,leevanessa@camacho-williams.org,2018-08-17,Amsterdam,-1
408,erica moreno,29,52864.31,HR,julie73@hotmail.com,2025-12-05,Amsterdam,3.28
538,Jean Ramirez,35,49231.67,marketing,campbellamy@mcclure-eaton.com,2019-11-26,Rotterdam,1.8
661,Christy Espinoza,24,-2000,sales,jenniferjohnson[at]torres.biz,2019-10-10,Utrecht,4.36
39,Monica Edwards,62,35077.21,Sales,john36@hotmail.com,2023-02-18,Amsterdam,2.83
176,Janice Meyer DDS,41,67407.75,Finance,gpowell@gmail.com,2018-05-01,eindhoven,2.5
246,Mary Hodge,-5,49982.48,Finance,dpalmer@gmail.com,2024-02-09,Utrecht,4.09
880,Richard Ford,37,72825.9,Finance,sperez@hotmail.com,2022-12-11,The Hague,1.56
712,Cheryl Mora,41,53549.3,HR,fjones@stafford-shields.info,2021-02-28,The Hague,3.94
802,Renee Cobb,65,47259.33,Sales,econley@strickland-diaz.com,30/01/2023,Utrecht,3.23
912,Jimmy Porter,41,58287.25,sales,twolfe@burgess.com,2017-10-20,amsterdam ,2.76
155,Benjamin Roberts,49,59396.09,IT,ashleygallegos@hotmail.com,32-13-2020,amsterdam ,1.44
288,Maria Williamson,50,fifty thousand,Sales,kellygregory@yahoo.com,2022-10-25,Rotterdam,-1
626,Daniel Kelly,unknown,47331.76,Sales,molly37@walters.com,2023-02-15,amsterdam ,4.5
889,David Booth,52,63859.82,Finance,davidsonangelica@smith.net,2016-11-12,The Hague,2.97
570,Luke Sharp,53,49727.3,Sales,etyler@crawford.info,2024-08-18,Rotterdam,3.31
791,Jessica Jones,49,61444.27,HR,williamterry@yahoo.com,2017-05-10,Rotterdam,4.27
18,Ryan Herrera,22,59713.71,sales,gvega@velazquez-barnes.com,2026-04-07,amsterdam ,5.0
128,Vicki Wilson,33,46505.53,HR,eric47@poole.com,2025-05-05,Utrecht,1.27
323,Scott Bruce,62,42726.69,IT,chawkins@gmail.com,2020-09-04,Utrecht,2.81
256,Richard Mccoy,59,47736.49,HR,dennisgibbs@hotmail.com,2023-07-11,Utrecht,1.49
701,Lisa Powers,32,47159.15,Sales,mwagner@hotmail.com,2023-07-13,Rotterdam,3.9
613,Jennifer Nelson,21,59199.53,Sales,jefferyperkins@beard.info,2023-07-03,eindhoven,4.39
191,Lindsey Moore MD,150,48302.28,marketing,danielknight@hotmail.com,2017-10-16,eindhoven,N/A
116,Lindsey Ortiz,36,59523.21,sales,sthornton@yahoo.com,2021-05-29,Rotterdam,2.33
657,Vanessa Garrison,,55208.94,marketing,geverett@gmail.com,2019-10-22,amsterdam ,4.13
607,Brandon Koch,40,43393.16,Sales,brucemeghan@shields.org,,Rotterdam,4.14
181,Michael Hernandez,35,64385.01,marketing,oliverdaniel@gmail.com,2017-08-04,amsterdam ,3.72
302,Susan Roberts,19,46597.28,Marketing ,john49@hotmail.com,2017-03-28,Amsterdam,3.36
807,Ashley Black,45,58332.01,Finance,sandra99@richardson.com,2025-11-02,The Hague,3.01
758,Sarah Robinson,35,57772.54,Sales,vdalton@gmail.com,2025-10-02,eindhoven,1.72
600,Robert Wilson,56,60659.51,IT,ihughes@young-morgan.com,2016-09-19,eindhoven,2.3
782,Katherine Pugh,53,34969.83,IT,lopezmatthew@wilcox.info,2016-06-29,eindhoven,1.27
706,Angela Lynch,32,64090.15,Marketing ,davistravis@garza.com,2020-12-20,The Hague,4.04
518,David Jackson,33,40336.67,Sales,zweaver[at]gmail.com,2021-01-31,Rotterdam,3.81
373,Michael Matthews,54,76767.15,Finance,amberjackson@jones-hayden.com,2025-07-24,Rotterdam,4.03
46,Sherry Ferrell,38,44202.34,Finance,lhawkins@hayes.info,2016-11-06,eindhoven,2.01
964,Renee Perez,26,65635.06,Marketing ,andersonmichele@carey.com,,Rotterdam,1.6
158,Alec Jones,57,62107.49,sales,jenkinskeith@hotmail.com,2018-03-01,amsterdam ,1.55
941,Terry Spencer,50,35795.43,Sales,rbarber@hotmail.com,2021-01-19,Amsterdam,2.73
172,James Edwards,61,42762.85,sales,katelyn41@yahoo.com,2023-02-04,The Hague,3.82
17,Tyler Hopkins,,39807.53,Marketing ,diane94@lawrence.info,2018-09-14,Rotterdam,1.77
512,Christian Cannon,30,54246.43,HR,epowell@gmail.com,2022-01-29,Amsterdam,4.56
49,Robert Mercer,54,60154.27,Finance,richardjones@clark-sims.com,2024-04-05,Amsterdam,3.37
192,ANDREA BLAIR,35,67845.98,IT,matthew65[at]smith.com,2019-09-18,amsterdam ,2.72
893,Alexander Robles,59,71000.12,Finance,ctorres@adams.net,2023-02-26,amsterdam ,4.71
516,Kelsey Everett,55,66330.87,marketing,tiffanyprice@gmail.com,2021-11-29,Amsterdam,1.16
947,Jared West,48,32117.12,sales,ycarter@reilly-smith.com,2020-01-12,Rotterdam,1.12
731,Christine Buchanan,52,57937.68,HR,jgarcia@jones.org,2021-03-14,amsterdam ,1.36
481,Jade Bernard,39,53081.24,Sales,jenniferromero@brady-morrow.org,2018-12-16,eindhoven,3.3
284,Thomas Jackson,44,36432.77,sales,alexandraclark@liu.org,2022-09-13,Amsterdam,3.06
938,Dr. Monica Barnes,50,65625.35,Sales,whitejessica@gmail.com,2020-05-18,Amsterdam,2.95
698,ashley young,36,36233.3,Marketing ,parsonsgregory@mccall.info,2023-10-09,Amsterdam,3.71
226,Donna Patterson,63,71334.26,HR,zsherman@hotmail.com,2022-02-23,eindhoven,1.57
27,Mr. Wayne Parker III,unknown,37735.1,sales,arobinson@yahoo.com,2025-06-04,eindhoven,1.51
830,mary ramirez,19,50773.23,IT,stephenrubio@williams.net,2023-01-29,amsterdam ,3.0
438,Matthew Russell,150,34298.48,Finance,bensonlee@reese.com,2026-01-10,The Hague,3.14
506,Michael Rhodes,23,9999999,Sales,matthewgibson@hotmail.com,2026-02-26,Utrecht,2.66
365,Roy Dean,57,65352.16,Marketing ,robert12@hotmail.com,2021-10-10,The Hague,4.14
230,JOSHUA COLEMAN,30,65193.97,HR,wschwartz@gibbs.com,2019-01-13,Utrecht,1.37
38,Danny Bright,30,25604.95,Finance,leepatricia@yahoo.com,2020-12-13,amsterdam ,3.75
670,Timothy Cook,20,71372.6,Sales,suzannerodriguez@ford-phillips.biz,2022-08-24,eindhoven,3.5
736,Mallory Fox,26,62088.96,marketing,zhahn@yahoo.com,2017-06-16,Amsterdam,3.15
375,ronnie barr,33,87297.74,Finance,robyn23@yahoo.com,2021-10-01,Amsterdam,3.22
470,Charlene Li,39,46362.73,HR,olam@hotmail.com,2017-05-18,amsterdam ,4.72
671,Katherine Diaz,31,73691.28,sales,vazquezaaron@yahoo.com,2017-01-26,Amsterdam,2.43
688,Mark Collins,46,49377.69,IT,theresaclark@frazier.com,2021-11-04,The Hague,1.71
904,Richard Ryan,20,74176.78,Sales,adamstewart@miller.com,2022-03-25,The Hague,4.72
983,Mrs. Abigail Aguilar,55,40495.36,marketing,danieljoseph@burns-joseph.net,2017-08-21,eindhoven,2.39
913,TANNER BROWN,35,58740.76,Finance,jennifer91@yahoo.com,2025-04-23,Amsterdam,2.12
195,Erica Bryant,59,57597.71,marketing,elizabethclark@gmail.com,2022-09-01,The Hague,4.68
908,Kimberly Morris,18,66193.8,HR,benjaminsmith@gmail.com,2024-10-05,Rotterdam,2.75
918,RACHEL FREEMAN,35,57799.14,sales,pottervictor@wilson.org,2022-07-22,Amsterdam,1.5
504,Benjamin Roberts,38,63444.54,Marketing ,umueller@hicks-haynes.com,2021-04-24,Rotterdam,4.06
943,Mrs. Paige Villanueva MD,64,64753.02,HR,laurabrooks@huffman-green.com,2020-07-07,The Hague,4.43
883,Michael Armstrong,55,47658.41,HR,ashley74@yahoo.com,2017-03-16,Utrecht,1.21
580,Tammy Campbell,60,72156.31,marketing,schavez@morris.com,2020-03-03,amsterdam ,2.45
161,Tracy Duran,25,40379.77,marketing,lowewarren@zuniga.com,2019-07-30,Utrecht,4.82
681,Gloria Hall,23,65825.08,HR,johnlucas@yahoo.com,2026-05-13,Amsterdam,3.18
163,Mary Kaufman,21,72378.93,marketing,kellyadam@martinez.biz,2021-06-28,Amsterdam,2.65
747,Matthew Levine,48,57801.5,Marketing ,xgonzalez@gmail.com,2016-09-28,Amsterdam,2.3
153,Danielle Mitchell,39,44799.63,IT,yroman@myers.com,2022-09-23,The Hague,2.61
894,Victoria Cox,40,72539.43,sales,christopherturner@kim.com,2021-10-14,Rotterdam,1.39
827,Wendy Carey,27,78693.58,sales,cunninghamdebbie@hotmail.com,2023-02-12,amsterdam ,-1
803,Eric Nicholson,26,56441.81,HR,krussell@yahoo.com,2017-01-16,eindhoven,1.97
112,Kristen Le,35,54602.29,IT,jonesshannon@yahoo.com,2016-10-17,eindhoven,1.15
227,Stephanie Diaz,23,55964.2,Marketing ,jenniferwolf@yahoo.com,2020-10-23,Utrecht,2.82
733,Judy Curry,32,61123.79,sales,roy20@pearson.com,32-13-2020,eindhoven,4.64
104,Melissa Gillespie,21,42965.84,IT,medinaannette@yahoo.com,2025-08-04,The Hague,2.77
422,Michael Vasquez,57,81330.11,marketing,psanchez@gmail.com,2023-05-13,eindhoven,2.29
420,Joshua Hoover,61,56012.78,Finance,ythomas@mcdonald-gonzalez.com,2019-11-14,The Hague,3.02
998,Jesse Smith,45,64612.64,Finance,gregory22@gregory-terrell.com,2018-02-26,Amsterdam,2.35
587,Pamela Ellison,58,48109.59,Sales,evansandrew@yahoo.com,2023-01-11,amsterdam ,4.41
828,James Roberts,61,47157.1,marketing,ojones@johnson.com,2023-08-15,Rotterdam,3.54
673,Casey Briggs,,fifty thousand,HR,kimberlyhull@gmail.com,2022-07-24,Amsterdam,2.35
EMP-120,Stephanie Paul,27,66279.0,sales,kyle82@hess.org,2020-10-07,Rotterdam,3.88
54,Jose Dudley,51,64175.14,Sales,jamieharper@black.org,2023-11-05,The Hague,4.03
152,elizabeth gutierrez,unknown,60196.72,IT,parkerrobert@crosby.com,2016-09-18,The Hague,2.12
404,Thomas Sims,40,55704.71,IT,christopher51@houston.com,2023-02-07,eindhoven,3.24
EMP-182,Joy Blackwell,38,42142.64,Finance,acrane@soto.org,2017-07-20,The Hague,2.89
208,Maureen Bolton,37,62706.79,Marketing ,scott25@hotmail.com,2019-02-08,eindhoven,1.3
659,Darryl Davis,61,57971.27,Finance,angela24@yahoo.com,2024-12-23,amsterdam ,1.9
897,Lori Cox,49,52493.23,IT,hdavis@martinez.net,2022-12-29,eindhoven,4.26
810,Rachel Garcia,33,41580.89,marketing,woodgregory@beck-fleming.com,2021-10-23,Amsterdam,4.03
9,Chad Gallagher,unknown,47957.88,sales,masonamber@hotmail.com,2020-03-13,eindhoven,2.53
929,Daniel Thompson,44,78482.86,sales,sjohnson@bruce.com,2018-04-20,The Hague,1.98
37,Timothy Sanders,33,58132.95,HR,kharris@stone.net,2017-08-07,Amsterdam,1.98
453,Arthur Jones,44,40214.11,IT,pirwin@ritter-carr.com,2020-04-17,Rotterdam,1.05
652,Jordan Schmidt,62,71898.48,Sales,kimberlywalker@yahoo.com,23/11/2021,amsterdam ,1.69
254,Kathy Smith,29,70486.98,Finance,leeandrea@myers-johnson.info,2025-06-04,The Hague,2.0
304,Mr. Jeremy West,48,64155.55,HR,nancy34@hotmail.com,2021-09-27,Utrecht,2.68
794,Laura Valenzuela,48,35848.77,Finance,katelyn59@yahoo.com,2017-03-24,eindhoven,1.62
572,Rachel Jones,37,80146.56,Finance,arthurwatson@yahoo.com,2017-07-10,Amsterdam,3.54
624,Lisa Shea,33,75181.3,sales,michellekeller@miller-brown.com,2020-09-22,Rotterdam,4.21
755,Carlos Murphy,50,40759.02,Finance,vramirez@hotmail.com,2018-07-11,eindhoven,2.52
765,Ross Mccarthy,32,72239.1,IT,vasquezmarcia@yahoo.com,2022-10-12,Amsterdam,2.69
263,Brandon Flores,37,6380.99,Sales,denise71@gmail.com,2023-10-22,Rotterdam,1.08
611,Raymond Reed,19,64815.48,Marketing ,ujohnson@sutton-salazar.biz,2025-08-21,amsterdam ,4.43
298,Matthew Horn,58,59609.49,Finance,earl29@yahoo.com,2021-01-13,Rotterdam,3.31
415,Stephen Ortega,56,9999999,IT,shawn39[at]hotmail.com,2018-09-04,Rotterdam,N/A
151,Sarah Cox,59,58757.39,IT,carteraaron@brown.com,2021-02-07,eindhoven,1.54
836,DEREK HARRIS,41,58513.22,marketing,allenjesse@gmail.com,2023-05-05,Utrecht,1.68
641,JOHNNY UNDERWOOD,63,49963.23,Marketing ,larsonnatalie@summers.com,2016-10-27,Rotterdam,4.82
944,Jose Garcia,20,53512.36,IT,kdavis@hotmail.com,2018-09-29,Rotterdam,3.55
,Meghan Reeves,36,56298.85,sales,martinezwalter@yahoo.com,2025-01-23,Amsterdam,4.7
856,Allison Beard,24,9999999,sales,petersonangela[at]gmail.com,2020-05-26,Utrecht,4.45
489,Brandon Mitchell,55,80307.12,sales,mitchellstephen@yahoo.com,2021-05-22,amsterdam ,3.35
711,Alyssa Juarez,37,58165.26,HR,chadscott@williams-taylor.com,2024-11-14,Rotterdam,2.21
148,Courtney Lang,40,35193.15,HR,tonyawalker@yahoo.com,2024-07-13,Amsterdam,2.28
147,Justin Green,61,36445.74,Finance,sharpamanda@yahoo.com,,eindhoven,2.94
966,monica anderson,36,76601.76,sales,praymond@mcdonald-goodman.net,2016-11-25,Utrecht,3.5
989,Dr. John Anderson,54,51685.54,HR,phillipsrita@gallagher.com,2025-01-19,Amsterdam,4.88
787,clifford rogers,56,67508.83,IT,dmueller@hotmail.com,2016-10-08,The Hague,2.06
660,christina jackson,23,52834.59,sales,reginadougherty[at]miller-ponce.com,2021-07-16,amsterdam ,2.7
349,Jessica Herring,50,44223.34,sales,jessica31@yahoo.com,2019-10-19,The Hague,-1
464,Alex Holmes,21,58209.7,Finance,kwalton@hotmail.com,,Amsterdam,1.34
326,Edward Snyder,61,36787.17,sales,qbrown@yahoo.com,2018-07-25,eindhoven,4.23
187,Brian Payne,48,62098.56,IT,abigail14@payne.biz,2025-01-14,eindhoven,1.18
124,Christina Evans,40,33972.23,Finance,ojames@mclaughlin.net,2020-08-28,Rotterdam,2.54
907,Joanna Sanchez,41,34602.16,IT,melissaarnold@jackson.com,2024-09-27,Amsterdam,3.35
609,Amanda Harmon,19,9999999,Sales,grobinson@hotmail.com,2017-10-15,amsterdam ,2.62
144,Nicole Stanton,51,57769.51,sales,spenceramanda@page-hudson.com,2022-07-31,The Hague,2.1
752,Ashley Harris,52,34724.73,Marketing ,jimmybrown@hobbs.com,2026-01-27,Rotterdam,1.15
627,Heather Thomas,64,40155.93,IT,bryan43[at]yahoo.com,2022-05-25,The Hague,3.44
198,Samantha Horn,23,57305.88,IT,harriscarolyn@charles.com,2016-09-23,Amsterdam,2.36
610,Nicole Parsons,57,77440.66,Marketing ,nguyenlaurie@yahoo.com,2020-08-21,Utrecht,1.35
,Paul Reyes,44,49220.3,marketing,guzmankenneth@hotmail.com,2021-01-18,Amsterdam,4.7
294,Nathan Watkins,60,67744.03,HR,milesconnor@hotmail.com,2017-03-24,amsterdam ,2.03
884,Amber Ray,51,70662.41,Sales,alexiswiggins@yahoo.com,2018-09-09,amsterdam ,1.43
401,Natalie Hoffman,33,31083.59,IT,zschmidt[at]gmail.com,2023-10-18,The Hague,1.48
123,Caitlyn Martinez,51,76041.91,IT,pjackson@gmail.com,2017-06-02,eindhoven,4.62
EMP-184,Steven Mann,30,62237.09,Finance,david76@smith-cordova.com,2021-04-02,Amsterdam,1.75
203,Marc Williams,37,71245.77,HR,pmathis@yahoo.com,2025-08-04,eindhoven,2.2
439,AMBER RICHMOND,47,29449.26,Sales,paul70@gmail.com,2024-05-26,The Hague,2.58
247,Jerry James,37,47875.82,HR,deannafarmer@yahoo.com,2024-03-25,eindhoven,4.99
416,Cynthia Barton,54,43772.7,Sales,murphymaria@rodriguez.com,2022-05-21,Utrecht,2.47
824,Amanda Li,61,49557.42,IT,ysmith@gay-gonzalez.org,2016-07-05,Amsterdam,2.1
931,Eduardo Cannon,150,46672.01,marketing,cherylwilson@phillips.info,2018-10-29,Amsterdam,-1
961,Donald Rogers,28,64640.84,Sales,albert93@turner-stuart.com,2022-03-18,Amsterdam,1.16
955,Ryan Rogers,150,53767.73,IT,martinezbenjamin@dennis-morrow.com,2018-04-27,eindhoven,2.16
942,Mr. Jeffery Mcgee,58,68086.86,Marketing ,tammypaul@jordan-brown.com,2024-05-10,The Hague,2.5
130,William King,39,47447.87,IT,elizabeth81@schroeder-wright.com,2019-10-30,Rotterdam,4.32
638,Katelyn Adams,65,56099.77,Sales,wilsonwhitney@hotmail.com,30/10/2020,eindhoven,2.92
403,Dean Freeman,62,55078.66,Sales,dodsondebra@yahoo.com,2023-07-29,The Hague,4.15
41,Patricia Douglas,35,66077.0,marketing,rhouston@gmail.com,2022-08-14,eindhoven,1.31
818,Heidi Wilkerson,59,68344.46,Sales,dylanmyers@hotmail.com,2021-03-24,Utrecht,4.44
736,Mallory Fox,26,62088.96,marketing,zhahn@yahoo.com,2017-06-16,Amsterdam,3.15
968,Melissa Sullivan,35,82014.11,Marketing ,smithjoshua@anthony.com,2022-03-11,eindhoven,10
220,Zachary Pratt,59,56228.11,Marketing ,william88@hotmail.com,2024-06-17,eindhoven,2.95
642,Ryan Benson,50,80035.32,Sales,kennethanderson@dickerson-gonzalez.com,2025-08-26,Amsterdam,2.1
970,Adam Anderson,33,33538.37,Finance,sbuck@hotmail.com,2023-10-19,Utrecht,2.25
800,Teresa Roman,26,55446.34,Finance,jefffisher@hotmail.com,2020-03-30,eindhoven,3.77
855,Holly Bradshaw,23,76307.56,IT,paulbailey@yahoo.com,32-13-2020,amsterdam ,4.94
975,Joshua Matthews,58,48307.25,HR,nicholas83@torres.com,2019-11-04,The Hague,10
625,Douglas Johnson,41,78897.8,Finance,jennifer10@gmail.com,19/03/2023,Amsterdam,2.35
891,trevor coleman,26,67307.23,Marketing ,denisebuchanan@stephenson.com,2016-11-01,Utrecht,3.0
808,Erin Hernandez,26,47818.77,Finance,kayla10@hotmail.com,2019-08-13,Rotterdam,4.29
387,Raymond Ramirez,38,60126.34,IT,ohawkins@salinas.info,2021-04-19,eindhoven,2.08
176,Janice Meyer DDS,41,67407.75,Finance,gpowell@gmail.com,2018-05-01,eindhoven,2.5
510,Joseph Stewart,34,42535.75,sales,hortonrenee@shaffer-martinez.com,2024-01-10,Amsterdam,3.96
268,Roy Ray,38,33547.88,Sales,erichardson@yates.com,2018-04-14,amsterdam ,4.55
869,Katrina Winters,60,64878.16,IT,jason30[at]gmail.com,2023-02-07,Amsterdam,1.68
442,JENNIFER MAY,63,54509.58,Finance,alee@gmail.com,2022-03-28,amsterdam ,4.63
497,MARK OBRIEN,48,39441.31,marketing,tristan96@yahoo.com,2025-09-06,amsterdam ,2.21
113,Joshua Page,-5,55903.45,marketing,chutchinson@yahoo.com,2017-10-30,Amsterdam,2.8
EMP-692,Steven Pena,54,72389.95,Finance,pthomas@lynn.net,02/10/2021,Utrecht,3.59
233,Travis Frye,42,55683.58,sales,tina52@robles.com,2023-11-23,amsterdam ,1.57
923,Erin Thomas,44,56994.55,Finance,michele73@gmail.com,2022-08-29,Utrecht,3.43
EMP-608,Steven Melton,47,36330.18,Finance,ernest48@hotmail.com,2026-03-29,Rotterdam,1.84
672,Kim Simpson,41,23899.15,Sales,samuel20@yahoo.com,2023-01-10,Rotterdam,4.54
374,Kathleen Gonzalez DVM,25,69389.06,Marketing ,dennisbowen@gmail.com,2024-08-12,amsterdam ,1.92
,Cynthia Shaw MD,43,46848.63,sales,wross@hotmail.com,2023-06-19,amsterdam ,3.5
,joan price,46,64730.65,marketing,michaelwood@sanders-perez.com,2018-07-27,Utrecht,1.43
,Christie Jones,65,45225.99,Finance,jamescook@williams.biz,2021-06-15,Rotterdam,1.35
833,Darrell Roberts,58,39937.89,marketing,tarafloyd@meyers.biz,2024-04-03,eindhoven,1.85
677,Cindy Brown,41,38341.36,Finance,michaelsmith@hotmail.com,2023-04-18,The Hague,3.78
318,Robert Smith,56,50346.0,Marketing ,fwallace@sampson.org,2017-09-26,Amsterdam,4.04
EMP-649,Sara Young,28,-2000,IT,sarah49@yahoo.com,2021-08-04,eindhoven,5.0
411,Lisa Johnson,51,65674.22,Marketing ,stevensmichael@jenkins.com,2025-03-10,Rotterdam,3.1
953,SARA FLORES,42,36226.91,HR,sarahstewart@mora.biz,2017-09-30,Amsterdam,1.31
710,Leroy Rodriguez,30,80446.85,HR,andrewmiller@hotmail.com,2022-12-22,Rotterdam,3.37
359,Brett Greer,27,59840.78,sales,thomaslisa@gmail.com,2023-07-14,The Hague,2.06
259,Candace Gallagher,42,61657.29,sales,barrerajustin@peters.net,2021-09-12,The Hague,2.29
745,Megan Johns,62,62764.89,Marketing ,kimberlyjackson@gmail.com,2016-08-04,amsterdam ,2.53
628,Randall Vasquez,57,53113.2,Marketing ,kaitlyn08@stokes.com,2022-11-27,amsterdam ,2.62
633,Billy Gonzalez,30,52629.88,IT,sbrown@gmail.com,2018-07-14,eindhoven,4.31
283,Melody Leach,24,78790.25,HR,nbenson@ward.com,2025-03-04,eindhoven,4.1
377,Kevin Burke,24,68084.81,Sales,cheryl71@kelly-massey.net,2025-07-27,The Hague,1.03
385,Andrew Horton,56,43613.01,marketing,david78@yahoo.com,2021-10-19,Utrecht,2.42
225,Julie Davidson,50,47921.02,Marketing ,lisa36@cantrell.biz,2020-08-06,eindhoven,4.68
937,Andrea Davis,35,39681.51,HR,john01@mcfarland-patel.com,2017-12-25,Utrecht,4.96
895,Tony Stokes,64,75732.38,Sales,jessicaboyd@roberts.com,2024-10-17,eindhoven,4.02
473,Travis Beck,38,32272.13,sales,judithparker@gmail.com,2020-12-01,eindhoven,3.87
348,Nancy Weber,24,33888.04,marketing,qrich@gmail.com,2020-02-10,Rotterdam,4.57
506,Michael Rhodes,23,9999999,Sales,matthewgibson@hotmail.com,2026-02-26,Utrecht,2.66
640,Kerri Levine,42,35573.82,Finance,bryantlarry@hotmail.com,,amsterdam ,2.11
946,Jennifer Case,44,38948.73,IT,mirandaanderson@gmail.com,2022-12-23,Rotterdam,2.86
798,David Moore,57,65222.51,IT,gyoung@herrera-waters.com,2017-08-15,eindhoven,3.65
986,ANDREW BRYANT,39,37624.53,Sales,jlogan@sexton-robertson.info,2019-11-29,Rotterdam,2.87
960,Amanda Frank,33,61715.63,Marketing ,maria55@yahoo.com,2017-05-09,amsterdam ,4.97
620,Mrs. Miranda Watson,20,58358.26,marketing,wrivera@hotmail.com,2022-04-09,amsterdam ,4.49
909,Calvin Harrison,26,64682.26,Finance,katelynmcdonald@yahoo.com,2024-05-12,Amsterdam,2.0
852,Tanya Becker,60,46667.84,Marketing ,kellyandrew@smith-hudson.net,2026-03-18,Utrecht,4.25
646,Anthony Willis,33,50909.15,sales,sandovaljoseph@gmail.com,2019-08-24,Utrecht,1.24
900,Frank Howell,42,42745.96,marketing,nicholasmills@gmail.com,2024-04-06,Utrecht,1.4
557,Michele Ortiz,35,47685.91,sales,ecooper@gmail.com,2023-09-30,eindhoven,3.67
572,Rachel Jones,37,80146.56,Finance,arthurwatson@yahoo.com,2017-07-10,Amsterdam,3.54
578,Monique Price,35,66562.98,IT,robertsonelizabeth@gmail.com,32-13-2020,amsterdam ,4.79
796,Mason Gates,61,70797.29,Marketing ,adriana84@yahoo.com,2021-04-06,Rotterdam,4.96
86,Lindsay Miller,53,47473.64,sales,stephanie05@yahoo.com,2018-09-16,Amsterdam,2.82
243,Brianna Jones,22,62574.81,marketing,bryancharles@hicks.net,2022-02-09,The Hague,1.67
699,michelle baker,31,68860.41,Sales,brian26@hotmail.com,2017-06-05,amsterdam ,3.65
928,Maria Delacruz,62,60658.18,Marketing ,michaelthompson@garcia.info,2019-09-28,Amsterdam,2.41
160,Lonnie Chavez,37,64848.3,IT,hlopez@valdez.com,2017-09-09,amsterdam ,3.82
525,Brandon Vega,23,43551.11,HR,christina79@hotmail.com,2020-09-09,Amsterdam,1.66
EMP-36,Samuel Thomas,38,36687.35,Finance,jorge34@graves-murphy.info,2017-06-01,amsterdam ,1.68
541,Rachel Young,54,67535.38,IT,carl28@hanson.com,2021-11-05,amsterdam ,4.27
171,Cheryl Bowman,26,41657.28,Finance,joyhughes@gmail.com,2020-08-23,eindhoven,3.81
655,Kenneth Murray,57,93600.4,sales,tracy63@hill.com,2023-11-07,eindhoven,-1
945,Dawn Rogers,36,82699.55,Finance,richard64@hotmail.com,2022-07-01,Utrecht,3.17
911,Kathryn Ramsey,40,50383.33,Marketing ,allison77@bennett-lang.com,2022-03-23,Amsterdam,1.81
,Ashley Hardy,34,60530.1,IT,wbell@miller.com,2025-07-06,Utrecht,1.3
467,Sean Atkins,29,64212.5,Marketing ,kdecker@clark.biz,2025-11-27,Utrecht,-1
734,Monica Hughes,45,29461.25,HR,jamesnelson@hotmail.com,2019-12-21,Amsterdam,1.36
96,Linda Reilly,57,33047.28,marketing,patrickochoa@hammond.com,2023-09-17,The Hague,3.12
564,Jeffrey Bush,58,50109.65,Sales,fcole@gmail.com,2021-09-23,eindhoven,2.41
241,Donna Williams,65,43112.19,HR,forddavid@johnson-jones.com,2018-03-18,amsterdam ,1.05
743,Erika Cook,42,45627.72,Finance,cwoodward@allison.com,2023-05-05,Amsterdam,1.38
864,Keith Smith,25,81938.17,Sales,melissadouglas@gmail.com,2025-07-07,eindhoven,3.01
575,RICK JONES,23,67441.08,IT,silvalauren@young-mckee.com,2021-12-13,eindhoven,4.59
691,Lisa Irwin,37,49585.51,marketing,richardshields@hotmail.com,2021-02-13,Rotterdam,1.03
461,Paul Benson MD,18,84470.88,Sales,rachel99@yahoo.com,2023-05-21,Amsterdam,2.33
554,Rhonda Clark,46,58816.31,Finance,dawn75@howard.com,2017-12-04,Rotterdam,4.43
EMP-858,Gregory Dixon,62,62071.23,HR,xdonovan@gray.com,2016-07-07,Utrecht,4.45
974,Ralph Bass,,45210.64,Marketing ,wolferobert@gmail.com,32-13-2020,Utrecht,3.5
207,Jennifer Hill,19,62725.53,Finance,evansvictoria@yahoo.com,2019-05-17,Utrecht,4.33
393,Courtney Colon,26,35196.5,marketing,jeffreymcdowell[at]hotmail.com,2021-11-19,eindhoven,2.2
795,Cynthia Stewart,24,38784.15,Sales,psmith@hall.com,2023-06-06,Rotterdam,1.0
871,April Mejia,65,52345.79,Finance,robingross@gmail.com,2020-03-11,Utrecht,3.65
398,Elizabeth Cox,27,75308.09,sales,william91@hotmail.com,2025-06-19,Rotterdam,1.77
767,Zachary Erickson,59,54475.17,Sales,eoliver@yahoo.com,2025-11-23,eindhoven,-1
902,Matthew Hill,21,49099.92,Sales,brandi90@gmail.com,2026-01-10,Utrecht,-1
218,Olivia Kelly,27,51447.72,Finance,jocelyn66@ruiz-parker.com,2016-07-11,eindhoven,1.74
5,Vanessa Moyer,35,51487.7,sales,brian32@morales-williams.com,2025-07-12,Rotterdam,3.68
769,michael thompson,34,45595.49,Finance,gardnerloretta@johnson.org,2025-07-13,Rotterdam,3.15
643,Marcia Thomas,-5,51106.13,marketing,carterbrittany[at]hotmail.com,2017-03-30,Amsterdam,2.36
952,Alexandra Contreras,-5,60280.83,Finance,dennis90@hotmail.com,32-13-2020,Utrecht,1.1
613,Jennifer Nelson,21,59199.53,Sales,jefferyperkins@beard.info,2023-07-03,eindhoven,4.39
739,Drew Figueroa,32,79982.12,Sales,abigailwhite@yahoo.com,2020-04-08,eindhoven,3.91
547,John Bradley,39,63656.08,IT,gregoryperkins[at]moss.org,2025-11-08,Rotterdam,1.51
726,Benjamin Rivera,21,52240.25,sales,yolanda92@cox-adams.com,2022-06-08,eindhoven,4.48
972,Cheryl Thompson,19,44784.23,sales,leethomas@jones.net,2017-06-06,amsterdam ,2.7
684,Benjamin Garcia DDS,32,62340.62,sales,corey63@hotmail.com,2016-10-22,eindhoven,2.36
99,Sandra Snyder,53,55076.7,marketing,sarah93@marshall-walker.com,2017-09-23,eindhoven,2.41
805,DAVID ARNOLD,23,48482.56,Sales,kspencer@glover.biz,2024-03-27,Rotterdam,4.06
728,Ms. Stephanie Randall,38,-2000,sales,colemangeorge[at]wilcox.com,2023-11-23,Utrecht,3.71
574,Carolyn Murray,19,51713.49,sales,jessica62@rodriguez-hart.com,2026-04-30,amsterdam ,4.41
407,Julie Smith,51,38985.69,sales,shawn76@yahoo.com,2026-02-25,Utrecht,2.64
503,Craig Colon,55,34021.49,sales,qpatterson@yahoo.com,2019-07-27,The Hague,1.88
48,Steven Poole,47,70856.83,sales,zwilliams@snyder.com,2020-10-01,amsterdam ,3.87
33,Rhonda Marshall,34,54797.54,Finance,johnreynolds[at]braun.org,2017-12-14,The Hague,3.75
780,Jason Anderson,26,64310.08,marketing,carla66@gmail.com,2017-05-04,amsterdam ,4.27
EMP-840,MARISSA MALONE,47,51790.17,sales,eric26@cline.com,2025-10-21,Rotterdam,2.19
201,Stephanie Perry,24,60366.81,HR,emartin@yahoo.com,2018-12-05,The Hague,-1
135,christina jones,40,41208.64,Finance,reneebennett@gmail.com,2024-03-24,Amsterdam,1.3
28,Mark Mendez,31,60635.47,Marketing ,joneslindsay@hotmail.com,2018-06-28,eindhoven,4.9
934,Jessica Brown,64,22017.91,sales,jonesmichael@castillo-velez.biz,2024-07-08,Amsterdam,3.37
231,David Dorsey,58,44044.5,sales,bridget61@montes-alexander.com,2022-06-25,amsterdam ,1.38
490,Abigail Munoz,61,9999999,Sales,hudsonashley@yahoo.com,2023-02-17,amsterdam ,2.78
773,robert cook,21,64486.12,IT,padillaricky@gmail.com,2026-05-15,Amsterdam,2.74
379,Christopher Yang,52,87847.04,IT,sgreen@gmail.com,2023-01-17,Rotterdam,2.83
289,Joan Armstrong,35,59214.88,Finance,michelleortega@yahoo.com,2022-09-22,Rotterdam,2.87
419,Cheryl Hall,56,72689.46,Marketing ,samantha86@gmail.com,2024-06-17,Utrecht,3.1
675,James Edwards,38,33887.32,Marketing ,hgarcia@henderson.com,2023-11-07,The Hague,2.18
392,Fred Figueroa,58,62378.79,IT,zhill@hotmail.com,2024-10-20,Rotterdam,4.22
593,Rick Holder,53,62184.7,HR,palmercraig@hotmail.com,2019-03-13,Utrecht,4.51
499,Kristin Jensen,62,41865.73,Sales,perezstephen@hamilton.info,2016-09-25,Rotterdam,1.56
139,Sarah Romero,22,67202.76,Marketing ,jnguyen@hotmail.com,2026-04-25,amsterdam ,4.87
63,Stephen Cook MD,60,38404.98,HR,theresa37@gmail.com,2016-12-27,amsterdam ,1.6
472,Lisa Morris,55,20471.18,Marketing ,michaelgarcia@hotmail.com,2017-07-21,amsterdam ,1.6
648,Deborah Richard,27,54185.58,HR,frogers@reyes.info,2016-10-01,eindhoven,4.85
129,Jackson Cruz,48,56494.77,Finance,dmercado@yahoo.com,2026-01-21,Amsterdam,2.43
878,NICOLE HENDERSON,40,58356.82,sales,ramirezrobert@gmail.com,2026-05-06,The Hague,1.62
521,Dakota Campbell,50,29958.92,Marketing ,richardwilson@ball.net,,Utrecht,2.86
839,Mrs. Beth Ryan MD,23,9999999,Marketing ,brandy89@reeves-li.com,2022-05-20,The Hague,3.83
368,Katherine Smith,23,55188.89,HR,mcarroll@logan-carpenter.com,2025-08-14,amsterdam ,2.54
65,Katie Moon,65,67187.89,IT,reginarodriguez[at]brown.biz,2018-02-20,amsterdam ,4.34
813,Elizabeth Rodriguez,55,76704.67,Finance,sarah68@diaz.net,2025-09-07,Utrecht,1.64
15,randy chambers,55,29126.23,Sales,nharris@yahoo.com,15/02/2017,Amsterdam,4.44
157,Dylan Norris,42,82986.62,Marketing ,oandrade@cain-allen.com,2021-06-21,amsterdam ,-1
41,Patricia Douglas,35,66077.0,marketing,rhouston@gmail.com,2022-08-14,eindhoven,1.31
493,Matthew Garcia Jr.,38,56160.52,sales,millerstephanie@collins-mckay.info,2019-11-14,eindhoven,2.55
380,paul mitchell,42,42875.53,IT,gomezbrian@gmail.com,2019-06-03,Rotterdam,3.19
188,DANIEL WRIGHT,55,53907.57,Finance,traceycarter@oliver.com,2023-07-24,Rotterdam,2.52
EMP-764,Natalie Miles,65,53559.1,sales,yedwards@cook.net,2019-03-07,amsterdam ,3.44
217,Nicole Bailey,47,43407.62,sales,taylorcassandra@lyons.biz,2026-03-07,The Hague,3.36
922,Margaret Davis,-5,39602.27,marketing,steeletyler@yahoo.com,2021-11-18,The Hague,2.78
792,Lisa Guerrero,59,58115.32,Sales,richard18@gmail.com,2024-05-07,Amsterdam,3.41
53,Robert Adkins,42,44846.17,Finance,fosterscott@gutierrez.com,2019-05-23,Rotterdam,2.42
879,Jodi Cohen,23,54753.66,Sales,yjordan@bridges-stewart.com,2017-05-09,amsterdam ,3.55
338,David Wright,62,50179.21,Marketing ,shawn24@gmail.com,2025-06-13,Amsterdam,3.99
749,Jonathan Chapman,60,45827.23,HR,hhart@hotmail.com,2024-04-21,Amsterdam,3.22
720,Melvin Murphy,64,54145.82,Sales,joel30@yahoo.com,2020-03-15,Utrecht,4.26
,John Frazier,49,57562.98,IT,ttorres@hotmail.com,2020-09-13,amsterdam ,4.56
296,Dylan Wilkins,55,44606.36,Sales,ashleymoore@campbell.com,2022-06-14,Amsterdam,4.47
702,Angela Richard,57,70735.14,marketing,thomasjonathan@cannon-brown.net,2016-08-08,Rotterdam,1.86
252,Stephanie Leach,24,68767.93,Finance,jose79@gmail.com,2018-02-24,Utrecht,4.86
727,claudia hess,51,55276.51,Marketing ,amandaholmes@rocha.net,2022-08-01,eindhoven,3.47
462,Teresa Rowe,unknown,55528.95,HR,angela28@martin-burnett.com,2019-08-28,eindhoven,3.68
456,Johnathan West,65,43106.91,marketing,lwalls@gmail.com,2016-10-26,Utrecht,N/A
271,Michelle Becker,64,76619.1,Sales,chadneal@gmail.com,2016-08-22,eindhoven,3.82
816,Brandi Pineda,58,32716.59,Sales,crystal23@nguyen.com,2026-01-17,Utrecht,3.19
EMP-863,Mr. Bryan Adams,59,78212.58,Finance,blee@gmail.com,2020-09-08,Rotterdam,1.07
270,James Carter,54,56961.11,Marketing ,molly87@yahoo.com,2022-08-06,Amsterdam,2.18
202,David Patton,18,63411.77,Finance,michelle28@moore-buck.org,2018-08-23,The Hague,4.62
162,Leah Tucker,46,66806.27,Marketing ,shannon05@hotmail.com,2019-01-06,The Hague,2.08
556,Linda Pacheco,28,48821.85,HR,emilywalters@sanchez.net,2023-04-03,eindhoven,1.49
730,Rachael Villa,50,43325.43,Finance,ulee@gmail.com,2024-04-02,amsterdam ,4.99
402,Bryan Dunn,27,46009.37,Sales,kimhoward@mccarthy.com,2022-09-26,amsterdam ,3.47
703,Melissa Calderon,47,44434.84,Marketing ,nnguyen@medina.com,2024-07-07,Utrecht,1.18
477,Tammy Jackson,26,63648.35,Finance,millerkevin@yahoo.com,2025-12-16,amsterdam ,3.42
822,Cory Smith,39,76140.21,IT,robinsonjeremy@yahoo.com,2019-08-10,amsterdam ,3.97
772,Sheri Bolton,50,46563.0,Marketing ,hannahali@gmail.com,2021-05-27,Amsterdam,4.83
106,Tracy Hall,25,fifty thousand,Finance,veronicahouse@smith.info,2020-11-17,amsterdam ,1.92
566,John Mccann,55,-2000,Finance,javier81@hotmail.com,2023-05-23,Amsterdam,4.23
390,Ryan Leonard,65,46346.45,Marketing ,anthony49@howard.org,2021-09-22,Rotterdam,1.11
2,matthew miller,59,52926.04,Finance,jordancarrie@wright.info,2018-07-16,Amsterdam,4.04
995,Robert Cruz,44,39975.7,Finance,allenbaker@williams-cox.com,2017-11-21,eindhoven,4.22
841,Rebecca Jackson,60,54258.04,Sales,susanjones@gmail.com,2017-02-26,amsterdam ,4.94
562,Kelli Juarez,54,86131.01,Marketing ,martineztaylor@shaw.com,2021-02-26,eindhoven,2.9
932,Sarah Sullivan,42,83217.36,IT,lmarks@gmail.com,2025-09-13,Rotterdam,3.85
81,Megan Bell,42,51704.92,marketing,cameron44@gmail.com,2018-06-15,Amsterdam,4.91
206,Amy Hall,49,40932.62,sales,pbutler@yahoo.com,2023-01-18,eindhoven,2.46
35,John Graham,60,67338.17,Marketing ,ncarlson@gmail.com,2021-02-02,The Hague,2.2
943,Mrs. Paige Villanueva MD,64,64753.02,HR,laurabrooks@huffman-green.com,2020-07-07,The Hague,4.43
776,Cole Decker,19,31446.63,Sales,amandajohnson@gmail.com,2023-09-26,The Hague,2.23
509,Kevin White,31,55727.82,HR,qcarlson@gmail.com,2025-11-21,eindhoven,2.99
428,Christopher Anderson,50,65290.77,Sales,kristybrown@hotmail.com,2018-02-24,The Hague,3.13
455,Daniel Gordon,48,47046.14,sales,bcampbell[at]rasmussen.org,2022-07-08,Rotterdam,3.51
492,Amy Smith,25,77199.16,IT,vpierce@ramirez-alvarez.com,2020-02-03,Amsterdam,3.56
367,Jordan Gonzalez,39,58361.39,marketing,julie22@hotmail.com,2022-01-26,Rotterdam,2.56
92,Evan Robinson,53,69529.67,HR,robertquinn@patrick.net,2024-01-11,Rotterdam,4.15
340,Willie Collins,-5,46544.13,Marketing ,vrose@gmail.com,2024-04-03,Amsterdam,2.43
898,Rebekah Stone,31,57200.71,HR,cookjustin@gmail.com,2022-02-04,eindhoven,3.27
565,Emily Dunn,22,73018.21,Sales,luishardin@maxwell.net,32-13-2020,Amsterdam,2.84
346,David Bullock,49,58480.75,marketing,orogers@blair-howard.com,2025-02-04,Rotterdam,3.26
777,Robert Rodriguez,59,44092.94,Sales,anthonyrodriguez@vance.net,2017-07-09,Utrecht,3.85
242,Mrs. Julie White,41,53278.95,sales,ggamble@hotmail.com,2025-04-29,Amsterdam,-1
14,Rebecca Henry,30,26300.8,Finance,romantodd@yahoo.com,2019-07-07,eindhoven,4.6
316,Kenneth Pierce,54,55315.06,sales,cookjake@hayes-hawkins.org,2019-11-12,eindhoven,-1
601,Katrina Torres,21,66354.83,IT,maria97@gmail.com,19/12/2020,The Hague,4.81
388,Dillon Owens,44,83142.56,sales,fthompson[at]burton.biz,2021-09-24,amsterdam ,2.01
274,David Roy,48,55153.5,IT,nmay@gmail.com,2019-04-08,amsterdam ,2.06
167,Patrick Prince,47,67330.9,sales,brownstephanie@schroeder-ellison.com,2023-02-15,eindhoven,3.59
841,Rebecca Jackson,60,54258.04,Sales,susanjones@gmail.com,2017-02-26,amsterdam ,4.94
21,Jillian Washington,51,76984.73,marketing,yfranco@lyons-palmer.com,2022-12-07,The Hague,1.27
647,Teresa Lewis,19,14546.7,marketing,breynolds@hotmail.com,2023-06-24,The Hague,3.61
819,Benjamin Jones,57,56234.26,IT,sharonmiller@gmail.com,2020-09-19,eindhoven,2.05
485,paula johnson,27,43654.74,sales,ibradley@hayes.com,2016-08-15,eindhoven,4.08
973,Kenneth Johnson,65,67609.65,HR,cassandracarpenter@carr-hicks.org,2022-08-07,Amsterdam,3.34
505,Christina Santos,62,45240.36,HR,vegabonnie@hotmail.com,2019-12-04,Amsterdam,1.53
832,Thomas Allen,36,41220.22,sales,justincortez@gmail.com,2019-11-27,Amsterdam,-1
244,Tonya Kelly MD,65,67986.33,Sales,michellewilliams@joseph.biz,16/12/2020,eindhoven,2.46
567,Richard Schultz,39,24428.13,IT,fpaul@schneider.com,2016-10-13,eindhoven,3.54
876,Nicholas Neal,18,81918.37,Marketing ,lewismonica@lopez.info,2025-09-12,The Hague,4.87
563,Morgan Cobb,57,68066.87,sales,megangarcia@hotmail.com,2017-10-02,Amsterdam,3.36
822,Cory Smith,39,76140.21,IT,robinsonjeremy@yahoo.com,2019-08-10,amsterdam ,3.97
687,Gloria Rodriguez,58,51395.12,marketing,jeffreyporter@sullivan-wood.com,2020-05-24,eindhoven,1.82
958,David Butler,33,61851.3,Finance,lisawade@turner.com,2018-09-13,amsterdam ,4.36
190,Diana Taylor,59,32277.29,marketing,jonathon60[at]hotmail.com,2018-06-01,amsterdam ,10
783,daniel wade,62,60702.97,IT,williamharris[at]yahoo.com,2024-04-09,amsterdam ,1.76
976,Andrea Avila,26,26656.89,sales,simsjeffrey@gmail.com,19/04/2026,Utrecht,1.39
700,Mrs. Anne White,21,52226.47,sales,ycuevas@torres.com,2021-01-15,Rotterdam,10
476,Tyrone Martinez,44,51264.46,sales,angela89@gmail.com,2017-11-15,Amsterdam,3.59
682,Justin Johns,35,38064.22,marketing,breannasmith@yahoo.com,2024-09-18,amsterdam ,3.96
511,Gregory Vega,33,59056.85,marketing,adkinsjessica@gmail.com,2021-07-26,amsterdam ,3.71
59,Gary Edwards,25,59968.95,Finance,andreabarrett@todd-brown.com,2018-08-31,amsterdam ,1.21
475,Michael Johnson,-5,79674.52,IT,chadmccall@pruitt.com,2025-01-11,eindhoven,3.18
561,Ruth Reed,46,59346.62,Sales,rhess@sanders.com,2022-10-05,Utrecht,4.54
857,Jeremy Smith,52,42514.67,Marketing ,deborah93@gmail.com,2019-07-09,Amsterdam,1.44
748,Heather Mills,43,43669.26,marketing,tiffanyrodriguez@gmail.com,2021-03-20,Amsterdam,3.08
253,David Wyatt,61,86832.34,Marketing ,ksandoval@yahoo.com,32-13-2020,Rotterdam,1.36
22,Roger Farmer,20,51613.36,Finance,ashley44@gmail.com,2020-08-08,Utrecht,4.74
460,Sara Berger,51,37031.83,IT,elizabeth12@johnson.com,2021-06-11,The Hague,3.71
277,Betty Leonard,43,57985.9,Marketing ,brittneymendoza[at]hotmail.com,2024-11-16,The Hague,4.2
956,Jeffrey Miller,52,71759.44,Finance,pwilliams[at]yahoo.com,2021-10-08,eindhoven,4.81
386,Phillip Roberts,36,57255.91,HR,bjoseph@hotmail.com,2018-05-27,Utrecht,2.69
806,John Adams PhD,64,50362.42,sales,caindeanna@evans.org,09/06/2016,Rotterdam,1.24
344,Christine Pena,34,47395.85,HR,daydavid@greene-miller.biz,2019-07-28,Amsterdam,4.41
770,Matthew Cruz,65,82186.73,IT,mario18@yahoo.com,2021-09-26,Amsterdam,1.76
131,Jamie Bauer,63,31740.05,Finance,careysamantha[at]hotmail.com,2016-12-28,Rotterdam,4.54
872,Matthew Scott,51,43025.54,sales,jessica76@hotmail.com,2018-06-14,eindhoven,1.45
88,Nathaniel Carter,59,59931.27,HR,piercebryan[at]yahoo.com,,Amsterdam,1.39
331,Brian Clark,61,54816.3,HR,vanessarodgers@gmail.com,2019-11-09,Amsterdam,2.71
467,Sean Atkins,29,64212.5,Marketing ,kdecker@clark.biz,2025-11-27,Utrecht,-1
122,Richard Cook,42,41359.19,Finance,jvega@yahoo.com,2026-02-11,The Hague,1.55
861,Aaron Hill III,39,58043.85,marketing,martin44@baldwin-flynn.com,2023-06-10,Utrecht,4.04
